datetime,open,high,low,close,volume
2026-02-24T14:00:00+00:00,324.5699999999998,324.5699999999998,308.7099999999998,315.2399999999998,1307
2026-02-24T15:00:00+00:00,315.2399999999998,321.3299999999998,314.3699999999998,318.1299999999998,2193.45862141211
2026-02-24T16:00:00+00:00,318.1299999999998,321.6999999999998,318.09999999999985,320.9499999999998,2319
2026-02-24T17:00:00+00:00,320.9499999999998,322.55999999999983,320.79999999999984,320.84999999999985,2442
2026-02-24T18:00:00+00:00,320.84999999999985,321.15999999999985,317.49999999999983,318.99999999999983,2736
2026-02-24T19:00:00+00:00,318.99999999999983,319.6899999999998,317.96999999999986,318.15999999999985,2925
2026-02-24T20:00:00+00:00,318.15999999999985,319.8899999999998,316.3799999999998,319.78999999999985,3409
2026-02-25T14:00:00+00:00,319.78999999999985,330.11999999999983,319.78999999999985,329.51999999999987,1507
2026-02-25T15:00:00+00:00,329.51999999999987,329.8199999999998,324.3899999999998,325.45999999999987,2991
2026-02-25T16:00:00+00:00,325.45999999999987,326.10999999999984,323.54999999999984,325.29999999999984,2453
2026-02-25T17:00:00+00:00,325.29999999999984,326.84999999999985,325.03999999999985,326.49999999999983,2143
2026-02-25T18:00:00+00:00,326.49999999999983,328.8199999999998,325.83999999999986,328.6299999999998,2278
2026-02-25T19:00:00+00:00,328.6299999999998,330.1299999999998,327.72999999999985,327.96999999999986,2835
2026-02-25T20:00:00+00:00,327.96999999999986,328.79999999999984,325.09999999999985,326.58999999999986,4145
2026-02-26T14:00:00+00:00,326.58999999999986,326.58999999999986,310.08999999999986,310.61999999999983,2679
2026-02-26T15:00:00+00:00,310.61999999999983,311.8199999999998,302.22999999999985,303.97999999999985,6454
2026-02-26T16:00:00+00:00,303.97999999999985,309.41999999999985,303.9499999999998,306.66999999999985,4324
2026-02-26T17:00:00+00:00,306.66999999999985,308.76999999999987,306.0699999999998,306.20999999999987,3034
2026-02-26T18:00:00+00:00,306.20999999999987,307.95999999999987,304.10999999999984,307.1599999999998,3278.8251069149987
2026-02-26T19:00:00+00:00,307.1599999999998,313.58999999999963,307.0999999999998,312.46999999999963,3060.5269645288517
2026-02-26T20:00:00+00:00,312.46999999999963,318.71999999999974,312.26999999999964,317.7499999999997,4514.008799140715
2026-02-27T14:00:00+00:00,317.7499999999997,317.7499999999997,306.1199999999997,312.40999999999974,1466
2026-02-27T15:00:00+00:00,312.40999999999974,315.8099999999997,312.0899999999997,314.7299999999997,2867.503605313093
2026-02-27T16:00:00+00:00,314.7299999999997,315.30999999999966,312.9199999999997,314.0299999999997,2299
2026-02-27T17:00:00+00:00,314.0299999999997,315.5199999999997,313.49999999999966,314.7799999999997,2765
2026-02-27T18:00:00+00:00,314.7799999999997,314.94999999999965,312.30999999999966,313.2199999999997,2212
2026-02-27T19:00:00+00:00,313.2199999999997,314.23999999999967,312.9099999999997,313.37999999999965,2396
2026-02-27T20:00:00+00:00,313.37999999999965,316.1599999999997,313.25999999999965,315.94999999999965,3825
2026-03-02T14:00:00+00:00,315.94999999999965,323.50999999999965,313.63999999999965,319.2899999999997,2246
2026-03-02T15:00:00+00:00,319.2899999999997,322.62999999999965,318.08999999999963,321.07999999999964,4268
2026-03-02T16:00:00+00:00,321.07999999999964,323.7899999999997,320.18999999999966,322.2299999999997,3866
2026-03-02T17:00:00+00:00,322.2299999999997,323.7899999999997,321.24999999999966,322.87999999999965,2483
2026-03-02T18:00:00+00:00,322.87999999999965,323.33999999999963,320.83999999999963,320.95999999999964,2260
2026-03-02T19:00:00+00:00,320.95999999999964,324.1099999999997,320.93999999999966,323.63999999999965,2656
2026-03-02T20:00:00+00:00,323.63999999999965,326.49999999999966,321.7899999999997,325.64999999999964,4242
2026-03-03T14:00:00+00:00,325.64999999999964,325.64999999999964,313.9199999999997,319.01999999999964,2120
2026-03-03T15:00:00+00:00,319.01999999999964,320.6099999999997,314.6099999999997,315.51999999999964,4867
2026-03-03T16:00:00+00:00,315.51999999999964,322.30999999999966,315.33999999999963,320.5399999999997,3946
2026-03-03T17:00:00+00:00,320.5399999999997,322.0999999999997,318.67999999999967,319.45999999999964,2627
2026-03-03T18:00:00+00:00,319.45999999999964,321.98999999999967,319.4099999999997,320.67999999999967,2707
2026-03-03T19:00:00+00:00,320.67999999999967,321.3599999999997,318.68999999999966,320.49999999999966,2736
2026-03-03T20:00:00+00:00,320.49999999999966,321.31999999999965,319.48999999999967,320.4099999999997,3867
2026-03-04T14:00:00+00:00,320.4099999999997,323.9799999999997,318.36999999999966,323.89999999999964,1695
2026-03-04T15:00:00+00:00,323.89999999999964,328.99999999999966,323.76999999999964,328.14999999999964,5702
2026-03-04T16:00:00+00:00,328.14999999999964,328.6099999999997,325.25999999999965,325.76999999999964,3912
2026-03-04T17:00:00+00:00,325.76999999999964,328.1099999999997,325.68999999999966,327.1099999999997,3098
2026-03-04T18:00:00+00:00,327.1099999999997,328.07999999999964,326.2899999999997,327.54999999999967,2859
2026-03-04T19:00:00+00:00,327.54999999999967,328.31999999999965,326.6099999999997,326.69999999999965,3744
2026-03-04T20:00:00+00:00,326.69999999999965,327.6699999999997,323.06999999999965,323.94999999999965,5951
2026-03-05T14:00:00+00:00,323.94999999999965,339.30999999999966,323.94999999999965,338.68999999999966,5121
2026-03-05T15:00:00+00:00,338.68999999999966,342.58999999999963,332.7899999999997,339.99999999999966,10612
2026-03-05T16:00:00+00:00,339.99999999999966,342.1699999999997,337.82999999999964,341.51999999999964,7796
2026-03-05T17:00:00+00:00,341.51999999999964,342.18999999999966,334.76999999999964,336.36999999999966,7085
2026-03-05T18:00:00+00:00,336.36999999999966,338.45999999999964,332.63999999999965,334.37999999999965,6154
2026-03-05T19:00:00+00:00,334.37999999999965,336.14999999999964,331.88999999999965,332.11999999999966,6855
2026-03-05T20:00:00+00:00,332.11999999999966,339.69999999999965,330.7899999999997,339.19999999999965,9329
2026-03-06T14:00:00+00:00,339.19999999999965,343.38999999999965,334.00999999999965,340.49999999999966,1952
2026-03-06T15:00:00+00:00,340.49999999999966,346.05999999999966,340.48999999999967,342.94999999999965,5209
2026-03-06T16:00:00+00:00,342.94999999999965,348.9099999999997,341.4199999999997,348.61999999999966,4625
2026-03-06T17:00:00+00:00,348.61999999999966,349.9699999999997,343.0999999999997,345.74999999999966,4476
2026-03-06T18:00:00+00:00,345.74999999999966,347.92999999999967,344.67999999999967,346.58999999999963,3430
2026-03-06T19:00:00+00:00,346.58999999999963,347.74999999999966,343.08999999999963,343.13999999999965,4034
2026-03-06T20:00:00+00:00,343.13999999999965,344.12999999999965,334.88999999999965,337.24999999999966,5976
2026-03-09T13:00:00+00:00,337.24999999999966,339.1599999999997,330.24999999999966,338.0999999999997,1575
2026-03-09T14:00:00+00:00,338.0999999999997,347.2799999999997,337.26999999999964,345.39999999999964,5688
2026-03-09T15:00:00+00:00,345.39999999999964,349.51999999999964,344.69999999999965,349.42999999999967,4823
2026-03-09T16:00:00+00:00,349.42999999999967,353.07999999999964,347.99999999999966,352.68999999999966,4865
2026-03-09T17:00:00+00:00,352.68999999999966,352.83999999999963,347.3499999999997,349.4799999999997,4135
2026-03-09T18:00:00+00:00,349.4799999999997,351.76999999999964,348.07999999999964,348.08999999999963,4188
2026-03-09T19:00:00+00:00,348.08999999999963,354.89999999999964,347.80999999999966,351.86999999999966,6589
2026-03-10T13:00:00+00:00,351.86999999999966,359.48999999999967,351.86999999999966,356.99999999999966,1937
2026-03-10T14:00:00+00:00,356.99999999999966,357.7199999999997,354.1099999999997,355.37999999999965,3724
2026-03-10T15:00:00+00:00,355.37999999999965,357.06999999999965,352.82999999999964,353.5399999999997,3370
2026-03-10T16:00:00+00:00,353.5399999999997,354.24999999999966,351.64999999999964,353.50999999999965,2842
2026-03-10T17:00:00+00:00,353.50999999999965,354.80999999999966,351.80999999999966,352.08999999999963,3248
2026-03-10T18:00:00+00:00,352.08999999999963,352.56999999999965,348.38999999999965,348.7199999999997,3658
2026-03-10T19:00:00+00:00,348.7199999999997,349.8599999999997,347.2899999999997,349.2899999999997,4912
2026-03-11T13:00:00+00:00,349.2899999999997,351.8399999999997,347.9799999999997,351.0399999999997,1193
2026-03-11T14:00:00+00:00,351.0399999999997,352.98999999999967,347.99999999999966,349.93999999999966,2925
2026-03-11T15:00:00+00:00,349.93999999999966,351.00999999999965,347.2099999999997,348.11999999999966,3016
2026-03-11T16:00:00+00:00,348.11999999999966,349.9199999999997,346.4099999999997,349.37999999999965,3056
2026-03-11T17:00:00+00:00,349.37999999999965,350.07999999999964,345.4699999999997,347.37999999999965,2499
2026-03-11T18:00:00+00:00,347.37999999999965,347.8499999999997,345.61999999999966,347.7099999999997,2511
2026-03-11T19:00:00+00:00,347.7099999999997,348.98999999999967,346.92999999999967,348.55999999999966,3486
2026-03-12T13:00:00+00:00,348.55999999999966,348.55999999999966,339.43999999999966,340.1499999999997,2492
2026-03-12T14:00:00+00:00,340.1499999999997,343.2299999999997,339.43999999999966,340.5399999999997,3607
2026-03-12T15:00:00+00:00,340.5399999999997,344.63999999999965,339.9699999999997,343.24999999999966,3332
2026-03-12T16:00:00+00:00,343.24999999999966,345.98999999999967,341.8599999999997,344.8999999999997,3215
2026-03-12T17:00:00+00:00,344.8999999999997,346.98999999999967,343.6599999999997,344.3599999999997,3050
2026-03-12T18:00:00+00:00,344.3599999999997,345.38999999999965,343.00999999999965,343.2099999999997,3259
2026-03-12T19:00:00+00:00,343.2099999999997,344.5399999999997,341.92999999999967,343.1699999999997,4467
2026-03-13T13:00:00+00:00,343.1699999999997,345.5199999999997,338.73999999999967,343.00999999999965,1976
2026-03-13T14:00:00+00:00,343.00999999999965,343.6099999999997,333.99999999999966,334.23999999999967,5694
2026-03-13T15:00:00+00:00,334.23999999999967,336.2899999999997,330.12999999999965,330.2899999999997,5878
2026-03-13T16:00:00+00:00,330.2899999999997,333.11999999999966,330.2799999999997,330.81999999999965,4580
2026-03-13T17:00:00+00:00,330.81999999999965,332.4599999999997,329.1599999999997,329.62999999999965,4178
2026-03-13T18:00:00+00:00,329.62999999999965,332.30999999999966,329.42999999999967,331.8999999999997,3533
2026-03-13T19:00:00+00:00,331.8999999999997,332.1099999999997,328.63999999999965,329.57999999999964,5639
2026-03-16T13:00:00+00:00,329.57999999999964,332.9699999999997,327.29999999999967,331.31999999999965,2727
2026-03-16T14:00:00+00:00,331.31999999999965,332.82999999999964,329.7099999999997,332.7899999999997,4906
2026-03-16T15:00:00+00:00,332.7899999999997,336.38999999999965,332.2299999999997,334.69999999999965,5025
2026-03-16T16:00:00+00:00,334.69999999999965,335.2699999999997,332.82999999999964,334.44999999999965,3851
2026-03-16T17:00:00+00:00,334.44999999999965,336.1099999999997,334.44999999999965,335.38999999999965,3276
2026-03-16T18:00:00+00:00,335.38999999999965,335.80999999999966,333.75999999999965,333.82999999999964,3071
2026-03-16T19:00:00+00:00,333.82999999999964,336.31999999999965,330.93999999999966,332.1599999999997,6146
2026-03-17T13:00:00+00:00,332.1599999999997,334.4099999999997,331.6399999999997,332.11999999999966,4296
2026-03-17T14:00:00+00:00,332.11999999999966,332.3299999999997,329.36999999999966,329.9699999999997,8386
2026-03-17T15:00:00+00:00,329.9699999999997,330.3299999999997,325.54999999999967,326.74999999999966,8209
2026-03-17T16:00:00+00:00,326.74999999999966,328.4099999999997,325.11999999999966,328.1699999999997,7472
2026-03-17T17:00:00+00:00,328.1699999999997,329.6099999999997,327.4499999999997,329.5799999999997,5421
2026-03-17T18:00:00+00:00,329.5799999999997,330.5799999999997,327.5299999999997,327.8799999999997,4924
2026-03-17T19:00:00+00:00,327.8799999999997,329.7699999999997,327.1099999999997,329.5199999999997,6077
2026-03-18T13:00:00+00:00,329.5199999999997,334.3399999999997,329.3199999999997,331.55999999999966,5683
2026-03-18T14:00:00+00:00,331.55999999999966,331.55999999999966,326.7199999999997,328.1499999999997,10554
2026-03-18T15:00:00+00:00,328.1499999999997,329.73999999999967,327.3399999999997,328.7599999999997,7144
2026-03-18T16:00:00+00:00,328.7599999999997,328.8899999999997,326.04999999999967,326.7799999999997,6312
2026-03-18T17:00:00+00:00,326.7799999999997,328.12999999999965,326.0699999999997,327.5699999999997,5261
2026-03-18T18:00:00+00:00,327.5699999999997,328.5899999999997,324.93999999999966,325.0199999999997,9533
2026-03-18T19:00:00+00:00,325.0199999999997,326.5199999999997,324.5799999999997,324.7899999999997,8320
2026-03-19T13:00:00+00:00,324.7899999999997,324.7899999999997,317.5399999999997,321.2099999999997,7049
2026-03-19T14:00:00+00:00,321.2099999999997,325.36999999999966,321.0299999999997,325.12999999999965,11492
2026-03-19T15:00:00+00:00,325.12999999999965,327.68999999999966,324.4199999999997,327.5799999999997,8432
2026-03-19T16:00:00+00:00,327.5799999999997,328.9199999999997,326.79999999999967,328.0999999999997,6907
2026-03-19T17:00:00+00:00,328.0999999999997,328.23999999999967,326.3399999999997,328.11999999999966,5122
2026-03-19T18:00:00+00:00,328.11999999999966,329.9099999999997,327.0899999999997,329.80999999999966,5658
2026-03-19T19:00:00+00:00,329.80999999999966,332.2199999999997,327.79999999999967,329.18999999999966,11384
2026-03-20T13:00:00+00:00,329.18999999999966,330.3899999999997,325.5299999999997,325.8499999999997,4630
2026-03-20T14:00:00+00:00,325.8499999999997,326.3899999999997,323.37999999999965,324.74999999999966,9917
2026-03-20T15:00:00+00:00,324.74999999999966,326.18999999999966,323.7299999999997,325.8999999999997,8025
2026-03-20T16:00:00+00:00,325.8999999999997,327.6999999999997,325.4799999999997,326.3499999999997,6094
2026-03-20T17:00:00+00:00,326.3499999999997,326.7899999999997,323.37999999999965,323.93999999999966,5827
2026-03-20T18:00:00+00:00,323.93999999999966,324.1499999999997,321.3499999999997,321.74999999999966,6490
2026-03-20T19:00:00+00:00,321.74999999999966,322.1599999999997,318.87999999999965,319.9199999999997,9058
2026-03-23T13:00:00+00:00,319.9199999999997,333.1099999999997,319.9199999999997,333.0199999999997,5682
2026-03-23T14:00:00+00:00,333.0199999999997,335.4599999999997,331.0799999999997,333.0199999999997,10237
2026-03-23T15:00:00+00:00,333.0199999999997,334.7799999999997,328.4499999999997,328.61999999999966,8678
2026-03-23T16:00:00+00:00,328.61999999999966,331.12999999999965,328.42999999999967,329.6599999999997,8602
2026-03-23T17:00:00+00:00,329.6599999999997,330.8599999999997,328.24999999999966,330.8499999999997,7012
2026-03-23T18:00:00+00:00,330.8499999999997,333.3199999999997,330.17999999999967,333.1699999999997,6549
2026-03-23T19:00:00+00:00,333.1699999999997,334.55999999999966,331.1499999999997,331.7599999999997,6788
2026-03-24T13:00:00+00:00,331.7599999999997,333.1699999999997,324.7099999999997,325.93999999999966,4744
2026-03-24T14:00:00+00:00,325.93999999999966,329.2699999999997,323.79999999999967,326.1599999999997,12035
2026-03-24T15:00:00+00:00,326.1599999999997,329.5399999999997,326.1499999999997,327.5799999999997,8322
2026-03-24T16:00:00+00:00,327.5799999999997,328.1499999999997,325.43999999999966,326.6399999999997,6658
2026-03-24T17:00:00+00:00,326.6399999999997,328.2799999999997,324.5899999999997,328.05999999999966,8116
2026-03-24T18:00:00+00:00,328.05999999999966,329.8399999999997,326.9499999999997,327.3999999999997,7004
2026-03-24T19:00:00+00:00,327.3999999999997,328.5399999999997,326.3299999999997,327.5199999999997,7364
2026-03-25T13:00:00+00:00,327.5199999999997,332.5999999999997,327.04999999999967,329.3599999999997,7009
2026-03-25T14:00:00+00:00,329.3599999999997,333.2299999999997,328.0899999999997,329.55999999999966,14294
2026-03-25T15:00:00+00:00,329.55999999999966,330.29999999999967,327.62999999999965,329.4599999999997,12010
2026-03-25T16:00:00+00:00,329.4599999999997,330.9099999999997,327.2799999999997,329.67999999999967,10061
2026-03-25T17:00:00+00:00,329.67999999999967,330.0899999999997,327.6699999999997,328.5799999999997,8497
2026-03-25T18:00:00+00:00,328.5799999999997,328.9099999999997,326.3299999999997,326.6999999999997,6997
2026-03-25T19:00:00+00:00,326.6999999999997,328.0199999999997,325.7299999999997,327.8499999999997,7589
2026-03-26T13:00:00+00:00,327.8499999999997,327.8499999999997,321.0299999999997,323.7099999999997,2821
2026-03-26T14:00:00+00:00,323.7099999999997,325.7699999999997,321.1599999999997,322.23999999999967,18652
2026-03-26T15:00:00+00:00,322.23999999999967,324.0699999999997,321.23999999999967,323.9799999999997,13733
2026-03-26T16:00:00+00:00,323.9799999999997,324.12999999999965,320.04999999999967,320.6399999999997,10303
2026-03-26T17:00:00+00:00,320.6399999999997,322.1999999999997,319.18999999999966,319.5399999999997,9385
2026-03-26T18:00:00+00:00,319.5399999999997,320.9699999999997,318.93999999999966,320.6099999999997,9051
2026-03-26T19:00:00+00:00,320.6099999999997,321.17999999999967,318.1399999999997,318.5399999999997,9753
2026-03-27T13:00:00+00:00,318.5399999999997,318.5399999999997,310.8399999999997,311.37999999999965,8356
2026-03-27T14:00:00+00:00,311.37999999999965,313.8399999999997,310.9599999999997,312.4699999999997,17213
2026-03-27T15:00:00+00:00,312.4699999999997,314.6699999999997,312.2299999999997,312.87999999999965,13622
2026-03-27T16:00:00+00:00,312.87999999999965,313.30999999999966,309.4799999999997,311.5299999999997,9431
2026-03-27T17:00:00+00:00,311.5299999999997,311.7799999999997,308.17999999999967,309.9699999999997,9960
2026-03-27T18:00:00+00:00,309.9699999999997,312.34999999999974,309.93999999999966,311.56999999999977,9381.695869676758
2026-03-27T19:00:00+00:00,311.56999999999977,311.9399999999997,307.94999999999976,309.9299999999997,10000
2026-03-30T13:00:00+00:00,309.9299999999997,313.65999999999974,303.02999999999975,303.65999999999974,6866
2026-03-30T14:00:00+00:00,303.65999999999974,306.91999999999973,301.4899999999997,304.96999999999974,14404
2026-03-30T15:00:00+00:00,304.96999999999974,306.3099999999997,303.40999999999974,305.44999999999976,10811
2026-03-30T16:00:00+00:00,305.44999999999976,305.6799999999997,302.38999999999976,302.91999999999973,8871
2026-03-30T17:00:00+00:00,302.91999999999973,303.44999999999976,301.10999999999973,301.52999999999975,9347
2026-03-30T18:00:00+00:00,301.52999999999975,301.84999999999974,300.38999999999976,300.83999999999975,7176
2026-03-30T19:00:00+00:00,300.83999999999975,303.00999999999976,299.03999999999974,302.69999999999976,10573
2026-03-31T13:00:00+00:00,302.69999999999976,311.2999999999997,302.69999999999976,310.70999999999975,5106
2026-03-31T14:00:00+00:00,310.70999999999975,312.66999999999973,309.15999999999974,309.71999999999974,11455
2026-03-31T15:00:00+00:00,309.71999999999974,311.81999999999977,309.3099999999997,309.35999999999973,9591
2026-03-31T16:00:00+00:00,309.35999999999973,317.6799999999997,309.28999999999974,315.7399999999997,8679
2026-03-31T17:00:00+00:00,315.7399999999997,317.70999999999975,315.08999999999975,315.97999999999973,13545
2026-03-31T18:00:00+00:00,315.97999999999973,318.5499999999997,315.91999999999973,317.90999999999974,8109
2026-03-31T19:00:00+00:00,317.90999999999974,319.35999999999973,317.59999999999974,318.58999999999975,9839
2026-04-01T13:00:00+00:00,318.58999999999975,324.45999999999975,318.58999999999975,321.7499999999997,9094
2026-04-01T14:00:00+00:00,321.7499999999997,323.02999999999975,320.34999999999974,322.03999999999974,17040
2026-04-01T15:00:00+00:00,322.03999999999974,324.27999999999975,321.53999999999974,323.77999999999975,10756
2026-04-01T16:00:00+00:00,323.77999999999975,324.82999999999976,322.85999999999973,322.94999999999976,7051
2026-04-01T17:00:00+00:00,322.94999999999976,323.71999999999974,322.33999999999975,322.41999999999973,6082
2026-04-01T18:00:00+00:00,322.41999999999973,322.56999999999977,319.52999999999975,320.81999999999977,10071
2026-04-01T19:00:00+00:00,320.81999999999977,323.90999999999974,320.64999999999975,322.63999999999976,8372
2026-04-02T13:00:00+00:00,322.63999999999976,322.63999999999976,310.82999999999976,315.96999999999974,6692
2026-04-02T14:00:00+00:00,315.96999999999974,322.83999999999975,315.44999999999976,321.9899999999997,13565.019782523254
2026-04-02T15:00:00+00:00,321.9899999999997,323.0099999999997,320.38999999999976,321.6899999999997,11570
2026-04-02T16:00:00+00:00,321.6899999999997,322.38999999999976,319.0099999999997,321.35999999999973,8890
2026-04-02T17:00:00+00:00,321.35999999999973,322.1799999999997,320.8099999999997,321.66999999999973,7586
2026-04-02T18:00:00+00:00,321.66999999999973,322.8199999999997,321.52999999999975,321.95999999999975,6104
2026-04-02T19:00:00+00:00,321.95999999999975,323.76999999999975,321.59999999999974,323.64999999999975,4799
2026-04-06T13:00:00+00:00,323.64999999999975,325.33999999999975,319.21999999999974,322.6199999999997,3686
2026-04-06T14:00:00+00:00,322.6199999999997,323.22999999999973,319.60999999999973,321.01999999999975,7106
2026-04-06T15:00:00+00:00,321.01999999999975,323.2399999999997,320.10999999999973,323.22999999999973,4885
2026-04-06T16:00:00+00:00,323.22999999999973,323.2599999999997,320.95999999999975,321.34999999999974,3389
2026-04-06T17:00:00+00:00,321.34999999999974,322.09999999999974,319.60999999999973,320.97999999999973,4126
2026-04-06T18:00:00+00:00,320.97999999999973,323.0099999999997,320.6999999999997,322.4299999999997,3107
2026-04-06T19:00:00+00:00,322.4299999999997,323.6299999999997,322.22999999999973,323.3699999999997,3812
2026-04-07T13:00:00+00:00,323.3699999999997,338.8199999999997,323.3699999999997,333.5499999999997,11950
2026-04-07T14:00:00+00:00,333.5499999999997,334.52999999999975,331.71999999999974,332.01999999999975,21006
2026-04-07T15:00:00+00:00,332.01999999999975,336.22999999999973,330.9499999999997,335.60999999999973,14861
2026-04-07T16:00:00+00:00,335.60999999999973,342.8699999999997,335.4999999999997,341.90999999999974,14877
2026-04-07T17:00:00+00:00,341.90999999999974,342.20999999999975,339.6199999999997,340.53999999999974,10738
2026-04-07T18:00:00+00:00,340.53999999999974,341.3699999999997,337.34999999999974,337.8199999999997,9716
2026-04-07T19:00:00+00:00,337.8199999999997,343.2599999999997,337.45999999999975,342.97999999999973,16914
2026-04-08T13:00:00+00:00,342.97999999999973,363.07999999999976,342.97999999999973,355.13999999999976,12273
2026-04-08T14:00:00+00:00,355.13999999999976,356.8199999999997,351.60999999999973,353.11999999999966,19741.109826589596
2026-04-08T15:00:00+00:00,353.11999999999966,359.29999999999967,352.9799999999997,358.4099999999997,13969
2026-04-08T16:00:00+00:00,358.4099999999997,358.79999999999967,356.7199999999997,358.4199999999997,7692
2026-04-08T17:00:00+00:00,358.4199999999997,360.4599999999997,357.9699999999997,360.0799999999997,8746
2026-04-08T18:00:00+00:00,360.0799999999997,361.1099999999997,358.49999999999966,358.5199999999997,10145
2026-04-08T19:00:00+00:00,358.5199999999997,360.7699999999997,358.2799999999997,359.75999999999965,9646
2026-04-09T13:00:00+00:00,359.75999999999965,366.44999999999965,359.75999999999965,363.9199999999997,3768
2026-04-09T14:00:00+00:00,363.9199999999997,365.49999999999966,361.24999999999966,362.54999999999967,5933
2026-04-09T15:00:00+00:00,362.54999999999967,366.7099999999997,362.3999999999997,366.7099999999997,5786
2026-04-09T16:00:00+00:00,366.7099999999997,367.68999999999966,366.0999999999997,366.74999999999966,4691
2026-04-09T17:00:00+00:00,366.74999999999966,367.3399999999997,364.80999999999966,366.50999999999965,4027
2026-04-09T18:00:00+00:00,366.50999999999965,366.61999999999966,364.2099999999997,364.3599999999997,4444
2026-04-09T19:00:00+00:00,364.3599999999997,364.8899999999997,362.69999999999965,363.9199999999997,5328
2026-04-10T13:00:00+00:00,363.9199999999997,383.2099999999997,363.9199999999997,379.12999999999965,9282
2026-04-10T14:00:00+00:00,379.12999999999965,384.4199999999997,376.48999999999967,384.37999999999965,15816.67314687069
2026-04-10T15:00:00+00:00,384.37999999999965,385.5899999999997,380.4699999999997,380.86999999999966,11639
2026-04-10T16:00:00+00:00,380.86999999999966,381.9699999999997,379.8599999999997,381.68999999999966,8350
2026-04-10T17:00:00+00:00,381.68999999999966,383.24999999999966,379.76999999999964,382.8499999999997,7617
2026-04-10T18:00:00+00:00,382.8499999999997,383.44999999999965,382.25999999999965,382.6099999999997,6950
2026-04-10T19:00:00+00:00,382.6099999999997,383.54999999999967,380.2199999999997,380.5899999999997,8715
2026-04-13T13:00:00+00:00,380.5899999999997,382.9799999999997,378.5299999999997,380.45999999999964,2291
2026-04-13T14:00:00+00:00,380.45999999999964,384.86999999999966,379.81999999999965,384.3499999999997,6054
2026-04-13T15:00:00+00:00,384.3499999999997,384.3599999999997,381.7299999999997,382.1599999999997,4446
2026-04-13T16:00:00+00:00,382.1599999999997,387.44999999999965,381.05999999999966,387.05999999999966,5395
2026-04-13T17:00:00+00:00,387.05999999999966,387.5399999999997,384.70999999999964,385.24999999999966,3565
2026-04-13T18:00:00+00:00,385.24999999999966,387.7299999999997,385.1599999999997,387.43999999999966,3169
2026-04-13T19:00:00+00:00,387.43999999999966,389.57999999999964,386.92999999999967,388.7899999999997,4951
2026-04-14T13:00:00+00:00,388.7899999999997,391.2899999999997,385.3599999999997,387.9799999999997,2196
2026-04-14T14:00:00+00:00,387.9799999999997,389.30999999999966,386.82999999999964,389.1699999999997,3754
2026-04-14T15:00:00+00:00,389.1699999999997,390.3499999999997,387.4099999999997,389.2199999999997,3639
2026-04-14T16:00:00+00:00,389.2199999999997,390.0399999999997,388.1599999999997,388.36999999999966,2691
2026-04-14T17:00:00+00:00,388.36999999999966,390.92999999999967,387.9199999999997,389.92999999999967,2913
2026-04-14T18:00:00+00:00,389.92999999999967,389.9699999999997,387.2799999999997,387.8499999999997,2280
2026-04-14T19:00:00+00:00,387.8499999999997,389.8399999999997,387.54999999999967,389.8399999999997,3905
2026-04-15T13:00:00+00:00,389.8399999999997,405.24999999999966,389.8399999999997,404.62999999999965,2745
2026-04-15T14:00:00+00:00,404.62999999999965,405.5899999999997,402.4099999999997,403.5799999999997,4927.004489967729
2026-04-15T15:00:00+00:00,403.5799999999997,403.8699999999997,400.2699999999997,401.3899999999997,3998
2026-04-15T16:00:00+00:00,401.3899999999997,403.6599999999997,397.5699999999997,398.9699999999997,4451
2026-04-15T17:00:00+00:00,398.9699999999997,401.5799999999997,398.8999999999997,400.7399999999997,2734
2026-04-15T18:00:00+00:00,400.7399999999997,402.9899999999997,400.2499999999997,402.7499999999997,3076
2026-04-15T19:00:00+00:00,402.7499999999997,406.1499999999997,402.5699999999997,405.8699999999997,4712
2026-04-16T13:00:00+00:00,405.8699999999997,408.0299999999997,401.4199999999997,404.7699999999997,4017
2026-04-16T14:00:00+00:00,404.7699999999997,407.2399999999997,404.5499999999997,406.4799999999997,7193
2026-04-16T15:00:00+00:00,406.4799999999997,408.7099999999997,405.3199999999997,407.3199999999997,6198
2026-04-16T16:00:00+00:00,407.3199999999997,408.1699999999997,404.9599999999997,406.6699999999997,4553
2026-04-16T17:00:00+00:00,406.6699999999997,407.7999999999997,405.4999999999997,406.2299999999997,4404
2026-04-16T18:00:00+00:00,406.2299999999997,407.3199999999997,405.1899999999997,406.6599999999997,4694
2026-04-16T19:00:00+00:00,406.6599999999997,408.2199999999997,406.6599999999997,407.5599999999997,4025
2026-04-17T13:00:00+00:00,407.5599999999997,412.7999999999997,407.5599999999997,412.1399999999997,1740
2026-04-17T14:00:00+00:00,412.1399999999997,414.3799999999997,410.1599999999997,411.4399999999997,4729.244093089359
2026-04-17T15:00:00+00:00,411.4399999999997,413.4899999999997,410.9899999999997,411.09999999999974,3701
2026-04-17T16:00:00+00:00,411.09999999999974,412.7499999999997,410.88999999999976,412.2999999999997,3442
2026-04-17T17:00:00+00:00,412.2999999999997,413.51999999999975,410.60999999999973,412.38999999999976,3012
2026-04-17T18:00:00+00:00,412.38999999999976,413.03999999999974,411.81999999999977,412.63999999999976,3214
2026-04-17T19:00:00+00:00,412.63999999999976,415.81999999999977,411.88999999999976,415.71999999999974,4660
2026-04-20T13:00:00+00:00,415.71999999999974,415.71999999999974,410.38999999999976,411.13999999999976,2880
2026-04-20T14:00:00+00:00,411.13999999999976,411.97999999999973,406.59999999999974,406.9299999999997,6795
2026-04-20T15:00:00+00:00,406.9299999999997,407.77999999999975,404.9899999999997,406.09999999999974,5520
2026-04-20T16:00:00+00:00,406.09999999999974,407.40999999999974,405.7399999999997,406.47999999999973,3259
2026-04-20T17:00:00+00:00,406.47999999999973,406.85999999999973,405.45999999999975,405.91999999999973,3361
2026-04-20T18:00:00+00:00,405.91999999999973,407.6899999999997,405.15999999999974,407.33999999999975,3260
2026-04-20T19:00:00+00:00,407.33999999999975,408.88999999999976,407.08999999999975,408.84999999999974,4266
2026-04-21T13:00:00+00:00,408.84999999999974,408.84999999999974,403.63999999999976,406.51999999999975,6444
2026-04-21T14:00:00+00:00,406.51999999999975,409.9999999999997,406.0499999999997,407.85999999999973,10565
2026-04-21T15:00:00+00:00,407.85999999999973,412.46999999999974,406.9899999999997,410.35999999999973,6301
2026-04-21T16:00:00+00:00,410.35999999999973,412.5499999999997,409.58999999999975,410.65999999999974,3282
2026-04-21T17:00:00+00:00,410.65999999999974,411.7999999999997,408.90999999999974,410.57999999999976,3437
2026-04-21T18:00:00+00:00,410.57999999999976,411.4999999999997,409.64999999999975,411.08999999999975,3075
2026-04-21T19:00:00+00:00,411.08999999999975,411.7499999999997,408.10999999999973,411.4999999999997,5332
2026-04-22T13:00:00+00:00,411.4999999999997,417.71999999999974,411.4999999999997,416.6199999999997,2263
2026-04-22T14:00:00+00:00,416.6199999999997,422.9899999999997,416.6199999999997,422.26999999999975,7456.779973430754
2026-04-22T15:00:00+00:00,422.26999999999975,426.7499999999998,421.50999999999976,425.02999999999975,5679
2026-04-22T16:00:00+00:00,425.02999999999975,428.77999999999975,424.14999999999975,425.83999999999975,5085
2026-04-22T17:00:00+00:00,425.83999999999975,429.20999999999975,425.82999999999976,428.1099999999998,4234
2026-04-22T18:00:00+00:00,428.1099999999998,429.7399999999998,427.7999999999998,427.7999999999998,3943
2026-04-22T19:00:00+00:00,427.7999999999998,431.9299999999998,426.9299999999998,431.6699999999998,6402
2026-04-23T13:00:00+00:00,431.6699999999998,437.0599999999998,428.37999999999977,434.96999999999974,3035
2026-04-23T14:00:00+00:00,434.96999999999974,436.63999999999976,433.20999999999975,435.51999999999975,5108
2026-04-23T15:00:00+00:00,435.51999999999975,438.2899999999998,435.50999999999976,437.02999999999975,4830
2026-04-23T16:00:00+00:00,437.02999999999975,437.62999999999977,434.7999999999998,435.13999999999976,4223
2026-04-23T17:00:00+00:00,435.13999999999976,435.71999999999974,426.6799999999998,431.01999999999975,5934
2026-04-23T18:00:00+00:00,431.01999999999975,432.34999999999974,428.1099999999998,428.5499999999998,3899
2026-04-23T19:00:00+00:00,428.5499999999998,429.83999999999975,427.01999999999975,429.06999999999977,4662
2026-04-24T13:00:00+00:00,429.06999999999977,433.81999999999977,417.8599999999998,423.08999999999975,2127
2026-04-24T14:00:00+00:00,423.08999999999975,426.1799999999998,421.1099999999998,426.1799999999998,3167.9269588313414
2026-04-24T15:00:00+00:00,426.1799999999998,430.25999999999976,422.65999999999974,428.4299999999998,3646
2026-04-24T16:00:00+00:00,428.4299999999998,430.19999999999976,427.47999999999973,429.75999999999976,2003
2026-04-24T17:00:00+00:00,429.75999999999976,431.19999999999976,427.13999999999976,430.56999999999977,2068
2026-04-24T18:00:00+00:00,430.56999999999977,431.16999999999973,429.32999999999976,430.7399999999998,2547
2026-04-24T19:00:00+00:00,430.7399999999998,432.12999999999977,430.16999999999973,431.52999999999975,4673
2026-04-27T13:00:00+00:00,431.52999999999975,431.58999999999975,424.76999999999975,429.4899999999998,1449
2026-04-27T14:00:00+00:00,429.4899999999998,429.72999999999973,423.58999999999975,424.53999999999974,3664
2026-04-27T15:00:00+00:00,424.53999999999974,426.59999999999974,423.69999999999976,425.02999999999975,3155
2026-04-27T16:00:00+00:00,425.02999999999975,426.09999999999974,423.91999999999973,424.62999999999977,2462
2026-04-27T17:00:00+00:00,424.62999999999977,426.32999999999976,423.7999999999998,425.66999999999973,2320
2026-04-27T18:00:00+00:00,425.66999999999973,425.84999999999974,424.06999999999977,424.7499999999998,2310
2026-04-27T19:00:00+00:00,424.7499999999998,427.4999999999998,424.37999999999977,427.37999999999977,4407
2026-04-28T13:00:00+00:00,427.37999999999977,427.37999999999977,406.16999999999973,412.41999999999973,4430
2026-04-28T14:00:00+00:00,412.41999999999973,414.81999999999977,405.95999999999975,408.71999999999974,9630
2026-04-28T15:00:00+00:00,408.71999999999974,409.51999999999975,403.70999999999975,404.28999999999974,8970
2026-04-28T16:00:00+00:00,404.28999999999974,406.78999999999974,403.94999999999976,406.53999999999974,7361
2026-04-28T17:00:00+00:00,406.53999999999974,407.77999999999975,405.45999999999975,407.37999999999977,4705
2026-04-28T18:00:00+00:00,407.37999999999977,410.1799999999998,407.07999999999976,409.26999999999975,4541
2026-04-28T19:00:00+00:00,409.26999999999975,410.90999999999974,408.1799999999998,409.1199999999998,7235
2026-04-29T13:00:00+00:00,409.1199999999998,412.18999999999977,407.06999999999977,409.83999999999975,983
2026-04-29T14:00:00+00:00,409.83999999999975,411.26999999999975,407.31999999999977,409.76999999999975,2623.4447513812156
2026-04-29T15:00:00+00:00,409.76999999999975,410.5599999999997,407.59999999999974,408.20999999999975,2494
2026-04-29T16:00:00+00:00,408.20999999999975,408.66999999999973,405.66999999999973,406.60999999999973,2594
2026-04-29T17:00:00+00:00,406.60999999999973,409.2399999999997,406.0599999999997,409.09999999999974,2196
2026-04-29T18:00:00+00:00,409.09999999999974,409.27999999999975,406.1799999999997,408.9899999999997,2300
2026-04-29T19:00:00+00:00,408.9899999999997,414.7399999999997,408.4899999999997,414.35999999999973,4171
2026-04-30T13:00:00+00:00,414.35999999999973,427.13999999999976,414.35999999999973,420.16999999999973,1495
2026-04-30T14:00:00+00:00,420.16999999999973,423.06999999999977,413.08999999999975,418.76999999999975,4249
2026-04-30T15:00:00+00:00,418.76999999999975,422.81999999999977,418.76999999999975,421.7499999999998,3827
2026-04-30T16:00:00+00:00,421.7499999999998,423.35999999999973,420.96999999999974,422.31999999999977,2920
2026-04-30T17:00:00+00:00,422.31999999999977,425.89999999999975,422.08999999999975,425.7499999999998,3318
2026-04-30T18:00:00+00:00,425.7499999999998,426.34999999999974,423.95999999999975,424.20999999999975,2973
2026-04-30T19:00:00+00:00,424.20999999999975,426.93999999999977,423.72999999999973,426.4899999999997,4721
2026-05-01T13:00:00+00:00,426.4899999999997,430.94999999999976,422.31999999999977,429.9299999999997,2050
2026-05-01T14:00:00+00:00,429.9299999999997,430.0599999999997,425.15999999999974,428.63999999999976,5337.7875580315695
2026-05-01T15:00:00+00:00,428.63999999999976,430.91999999999973,427.88999999999976,430.7399999999998,4487
2026-05-01T16:00:00+00:00,430.7399999999998,430.88999999999976,428.58999999999975,428.94999999999976,3765
2026-05-01T17:00:00+00:00,428.94999999999976,432.09999999999974,428.72999999999973,430.7399999999998,3187
2026-05-01T18:00:00+00:00,430.7399999999998,431.69999999999976,429.81999999999977,431.3699999999998,3507
2026-05-01T19:00:00+00:00,431.3699999999998,431.93999999999977,428.58999999999975,430.40999999999974,4240
2026-05-04T13:00:00+00:00,430.40999999999974,432.7499999999998,425.85999999999973,429.89999999999975,2162
2026-05-04T14:00:00+00:00,429.89999999999975,430.10999999999973,424.2399999999998,425.50999999999976,5436
2026-05-04T15:00:00+00:00,425.50999999999976,426.65999999999974,419.7999999999997,421.4899999999998,6481
2026-05-04T16:00:00+00:00,421.4899999999998,421.53999999999974,418.46999999999974,420.2399999999998,4819
2026-05-04T17:00:00+00:00,420.2399999999998,422.97999999999973,420.07999999999976,421.35999999999973,4295
2026-05-04T18:00:00+00:00,421.35999999999973,423.9299999999998,421.21999999999974,423.87999999999977,3461
2026-05-04T19:00:00+00:00,423.87999999999977,426.0499999999997,423.25999999999976,425.38999999999976,4519
2026-05-05T13:00:00+00:00,425.38999999999976,435.41999999999973,425.38999999999976,431.95999999999975,3059
2026-05-05T14:00:00+00:00,431.95999999999975,433.33999999999975,428.26999999999975,432.90999999999974,5687
2026-05-05T15:00:00+00:00,432.90999999999974,437.82999999999976,432.58999999999975,435.56999999999977,5702
2026-05-05T16:00:00+00:00,435.56999999999977,440.25999999999976,435.4299999999998,438.7399999999998,4456
2026-05-05T17:00:00+00:00,438.7399999999998,441.39999999999975,438.60999999999973,440.90999999999974,3596
2026-05-05T18:00:00+00:00,440.90999999999974,442.22999999999973,439.5499999999997,439.63999999999976,3462
2026-05-05T19:00:00+00:00,439.63999999999976,440.3099999999998,435.63999999999976,436.63999999999976,4559
2026-05-06T13:00:00+00:00,436.63999999999976,446.45999999999975,435.82999999999976,436.31999999999977,2625
2026-05-06T14:00:00+00:00,436.31999999999977,437.01999999999975,426.75999999999976,431.89999999999975,7078.548083067093
2026-05-06T15:00:00+00:00,431.89999999999975,434.09999999999974,429.82999999999976,430.8699999999998,5939
2026-05-06T16:00:00+00:00,430.8699999999998,433.44999999999976,430.0499999999998,430.34999999999974,3185
2026-05-06T17:00:00+00:00,430.34999999999974,430.88999999999976,428.81999999999977,429.33999999999975,3022
2026-05-06T18:00:00+00:00,429.33999999999975,432.03999999999974,429.0499999999998,430.94999999999976,3319
2026-05-06T19:00:00+00:00,430.94999999999976,434.4999999999998,429.93999999999977,434.37999999999977,6068
2026-05-07T13:00:00+00:00,434.37999999999977,434.37999999999977,423.5599999999998,425.9899999999998,2609
2026-05-07T14:00:00+00:00,425.9899999999998,435.33999999999975,425.76999999999975,431.8699999999998,4518
2026-05-07T15:00:00+00:00,431.8699999999998,432.08999999999975,428.0499999999998,428.4199999999998,3648
2026-05-07T16:00:00+00:00,428.4199999999998,428.4299999999998,425.63999999999976,426.6699999999998,3926
2026-05-07T17:00:00+00:00,426.6699999999998,426.83999999999975,422.40999999999974,423.78999999999974,4418
2026-05-07T18:00:00+00:00,423.78999999999974,424.45999999999975,415.2399999999998,421.6799999999998,2649
2026-05-07T19:00:00+00:00,421.6799999999998,424.7999999999998,420.4999999999998,421.70999999999975,4332
2026-05-08T13:00:00+00:00,421.70999999999975,432.51999999999975,421.70999999999975,430.82999999999976,1595
2026-05-08T14:00:00+00:00,430.82999999999976,433.06999999999977,429.53999999999974,432.5499999999997,3951.564765895427
2026-05-08T15:00:00+00:00,432.5499999999997,434.4499999999997,430.7999999999997,433.9499999999997,3664
2026-05-08T16:00:00+00:00,433.9499999999997,440.0999999999997,433.9499999999997,438.85999999999973,3886
2026-05-08T17:00:00+00:00,438.85999999999973,443.8799999999997,435.6399999999997,435.97999999999973,3654
2026-05-08T18:00:00+00:00,435.97999999999973,437.85999999999973,435.9499999999997,436.9499999999997,2872
2026-05-08T19:00:00+00:00,436.9499999999997,439.2599999999997,436.1399999999997,438.9399999999997,4001
2026-05-11T13:00:00+00:00,438.9399999999997,442.4599999999997,434.8799999999997,439.2399999999997,1231
2026-05-11T14:00:00+00:00,439.2399999999997,440.2199999999997,433.9899999999997,439.10999999999973,3268
2026-05-11T15:00:00+00:00,439.10999999999973,440.2399999999997,438.2799999999997,438.7999999999997,2403
2026-05-11T16:00:00+00:00,438.7999999999997,439.22999999999973,435.6999999999997,438.0599999999997,2074
2026-05-11T17:00:00+00:00,438.0599999999997,439.1899999999997,437.7199999999997,438.0099999999997,1869
2026-05-11T18:00:00+00:00,438.0099999999997,438.9999999999997,436.9399999999997,437.5799999999997,2105
2026-05-11T19:00:00+00:00,437.5799999999997,438.0799999999997,435.4099999999997,437.3899999999997,4021
2026-05-12T13:00:00+00:00,437.3899999999997,438.16999999999973,427.6799999999997,433.6899999999997,1465
2026-05-12T14:00:00+00:00,433.6899999999997,435.9399999999997,427.9399999999997,427.9599999999997,2778
2026-05-12T15:00:00+00:00,427.9599999999997,428.5299999999997,421.1799999999997,421.3199999999997,3269
2026-05-12T16:00:00+00:00,421.3199999999997,422.4999999999997,417.47999999999973,417.72999999999973,3170
2026-05-12T17:00:00+00:00,417.72999999999973,422.0799999999997,417.3399999999997,421.4099999999997,2963
2026-05-12T18:00:00+00:00,421.4099999999997,424.4999999999997,420.7099999999997,422.9599999999997,2769
2026-05-12T19:00:00+00:00,422.9599999999997,428.97999999999973,422.8999999999997,428.3699999999997,3724
2026-05-13T13:00:00+00:00,428.3699999999997,428.3699999999997,413.72999999999973,417.1199999999997,1570
2026-05-13T14:00:00+00:00,417.1199999999997,423.5399999999997,416.5499999999997,422.71999999999974,2715.1082327892123
2026-05-13T15:00:00+00:00,422.71999999999974,423.75999999999976,421.12999999999977,423.50999999999976,2834
2026-05-13T16:00:00+00:00,423.50999999999976,425.38999999999976,423.2499999999998,424.56999999999977,2454
2026-05-13T17:00:00+00:00,424.56999999999977,426.77999999999975,424.5599999999998,425.47999999999973,2094
2026-05-13T18:00:00+00:00,425.47999999999973,427.15999999999974,424.81999999999977,424.84999999999974,2140
2026-05-13T19:00:00+00:00,424.84999999999974,427.5599999999998,424.44999999999976,425.84999999999974,3693
2026-05-14T13:00:00+00:00,425.84999999999974,443.47999999999973,424.94999999999976,436.15999999999974,1307
2026-05-14T14:00:00+00:00,436.15999999999974,446.27999999999975,436.02999999999975,443.57999999999976,2603
2026-05-14T15:00:00+00:00,443.57999999999976,448.68999999999977,442.45999999999975,444.8699999999998,2705
2026-05-14T16:00:00+00:00,444.8699999999998,445.34999999999974,440.70999999999975,441.94999999999976,2075
2026-05-14T17:00:00+00:00,441.94999999999976,445.45999999999975,440.1199999999998,444.12999999999977,2749
2026-05-14T18:00:00+00:00,444.12999999999977,448.47999999999973,442.58999999999975,448.31999999999977,2934
2026-05-14T19:00:00+00:00,448.31999999999977,451.2499999999998,448.08999999999975,448.8699999999998,6385
2026-05-15T13:00:00+00:00,448.8699999999998,448.8699999999998,431.88999999999976,432.70999999999975,1062
2026-05-15T14:00:00+00:00,432.70999999999975,438.72999999999973,431.44999999999976,431.97999999999973,2150.165685449958
2026-05-15T15:00:00+00:00,431.97999999999973,436.7499999999998,431.07999999999976,435.7499999999998,3639
2026-05-15T16:00:00+00:00,435.7499999999998,439.65999999999974,435.1799999999998,437.7499999999998,2691
2026-05-15T17:00:00+00:00,437.7499999999998,438.68999999999977,436.34999999999974,438.46999999999974,2364
2026-05-15T18:00:00+00:00,438.46999999999974,439.27999999999975,434.9299999999998,436.56999999999977,3310
2026-05-15T19:00:00+00:00,436.56999999999977,436.9299999999998,433.78999999999974,434.7499999999998,4581
2026-05-18T13:00:00+00:00,434.7499999999998,434.7499999999998,425.28999999999974,427.31999999999977,1152
2026-05-18T14:00:00+00:00,427.31999999999977,429.07999999999976,424.0599999999998,428.44999999999976,2071
2026-05-18T15:00:00+00:00,428.44999999999976,430.39999999999975,425.81999999999977,426.77999999999975,2157
2026-05-18T16:00:00+00:00,426.77999999999975,429.87999999999977,424.07999999999976,428.72999999999973,1731
2026-05-18T17:00:00+00:00,428.72999999999973,428.9299999999998,427.13999999999976,428.6099999999998,1652
2026-05-18T18:00:00+00:00,428.6099999999998,428.69999999999976,423.39999999999975,424.83999999999975,2395
2026-05-18T19:00:00+00:00,424.83999999999975,430.50999999999976,424.77999999999975,429.70999999999975,3512
2026-05-19T13:00:00+00:00,429.70999999999975,429.70999999999975,417.06999999999977,419.2499999999998,1124
2026-05-19T14:00:00+00:00,419.2499999999998,420.89999999999975,414.91999999999973,419.89999999999975,3352
2026-05-19T15:00:00+00:00,419.89999999999975,420.69999999999976,415.57999999999976,419.4299999999998,2137
2026-05-19T16:00:00+00:00,419.4299999999998,423.40999999999974,418.8699999999998,421.82999999999976,2232
2026-05-19T17:00:00+00:00,421.82999999999976,425.40999999999974,421.08999999999975,422.38999999999976,2722
2026-05-19T18:00:00+00:00,422.38999999999976,423.5499999999998,419.56999999999977,420.13999999999976,2481
2026-05-19T19:00:00+00:00,420.13999999999976,421.3599999999998,418.1799999999998,419.91999999999973,3596
2026-05-20T13:00:00+00:00,419.91999999999973,426.38999999999976,419.91999999999973,423.21999999999974,1185
2026-05-20T14:00:00+00:00,423.21999999999974,430.26999999999975,421.26999999999975,429.44999999999976,2378.7727360123054
2026-05-20T15:00:00+00:00,429.44999999999976,433.09999999999974,429.13999999999976,429.28999999999974,1903
2026-05-20T16:00:00+00:00,429.28999999999974,430.0599999999998,426.63999999999976,427.60999999999973,1806
2026-05-20T17:00:00+00:00,427.60999999999973,427.89999999999975,426.38999999999976,427.15999999999974,1788
2026-05-20T18:00:00+00:00,427.15999999999974,428.26999999999975,426.63999999999976,426.77999999999975,1710
2026-05-20T19:00:00+00:00,426.77999999999975,428.43999999999977,426.14999999999975,426.50999999999976,3268
2026-05-21T13:00:00+00:00,426.50999999999976,430.50999999999976,422.22999999999973,430.0499999999997,960
2026-05-21T14:00:00+00:00,430.0499999999997,431.28999999999974,423.63999999999976,423.89999999999975,2248
2026-05-21T15:00:00+00:00,423.89999999999975,424.3699999999998,419.87999999999977,423.63999999999976,2104
2026-05-21T16:00:00+00:00,423.63999999999976,424.84999999999974,421.03999999999974,421.34999999999974,1653
2026-05-21T17:00:00+00:00,421.34999999999974,425.0499999999997,420.70999999999975,423.68999999999977,1978
2026-05-21T18:00:00+00:00,423.68999999999977,424.18999999999977,419.60999999999973,420.85999999999973,2418
2026-05-21T19:00:00+00:00,420.85999999999973,424.32999999999976,420.34999999999974,423.83999999999975,3402
2026-05-22T13:00:00+00:00,423.83999999999975,428.77999999999975,423.83999999999975,424.9899999999997,735
2026-05-22T14:00:00+00:00,424.9899999999997,424.9999999999998,419.33999999999975,422.77999999999975,1965.9713382983525
2026-05-22T15:00:00+00:00,422.77999999999975,424.4299999999997,421.6799999999997,421.88999999999976,1626
2026-05-22T16:00:00+00:00,421.88999999999976,423.26999999999975,421.28999999999974,422.89999999999975,1296
2026-05-22T17:00:00+00:00,422.89999999999975,423.8799999999997,421.95999999999975,422.01999999999975,1219
2026-05-22T18:00:00+00:00,422.01999999999975,422.97999999999973,420.97999999999973,422.4299999999997,1566
2026-05-22T19:00:00+00:00,422.4299999999997,423.8699999999997,420.64999999999975,423.33999999999975,2525
2026-05-26T13:00:00+00:00,423.33999999999975,439.4399999999997,423.33999999999975,437.16999999999973,1733
2026-05-26T14:00:00+00:00,437.16999999999973,444.4899999999997,436.5499999999997,439.78999999999974,2880
2026-05-26T15:00:00+00:00,439.78999999999974,439.89999999999975,431.07999999999976,431.96999999999974,2035
2026-05-26T16:00:00+00:00,431.96999999999974,433.6799999999997,430.33999999999975,431.63999999999976,1903
2026-05-26T17:00:00+00:00,431.63999999999976,433.25999999999976,431.1299999999997,431.6899999999997,1800
2026-05-26T18:00:00+00:00,431.6899999999997,432.27999999999975,430.6799999999997,431.1899999999997,1716
2026-05-26T19:00:00+00:00,431.1899999999997,433.81999999999977,430.65999999999974,430.85999999999973,3739
2026-05-27T13:00:00+00:00,430.85999999999973,441.78999999999974,430.85999999999973,437.51999999999975,1219
2026-05-27T14:00:00+00:00,437.51999999999975,437.6899999999997,425.75999999999976,427.40999999999974,2877.8211529732184
2026-05-27T15:00:00+00:00,427.40999999999974,430.4299999999997,425.77999999999975,426.75999999999976,2188
2026-05-27T16:00:00+00:00,426.75999999999976,431.22999999999973,426.16999999999973,429.02999999999975,2012
2026-05-27T17:00:00+00:00,429.02999999999975,431.47999999999973,427.43999999999977,429.9899999999997,1477
2026-05-27T18:00:00+00:00,429.9899999999997,430.63999999999976,428.95999999999975,429.44999999999976,1781
2026-05-27T19:00:00+00:00,429.44999999999976,433.6799999999997,429.21999999999974,431.33999999999975,3649
2026-05-28T13:00:00+00:00,431.33999999999975,433.2399999999997,423.08999999999975,428.9999999999998,1603
2026-05-28T14:00:00+00:00,428.9999999999998,432.32999999999976,425.85999999999973,432.32999999999976,2834
2026-05-28T15:00:00+00:00,432.32999999999976,434.81999999999977,431.85999999999973,434.72999999999973,2729
2026-05-28T16:00:00+00:00,434.72999999999973,436.9899999999997,433.72999999999973,435.4299999999997,2164
2026-05-28T17:00:00+00:00,435.4299999999997,437.81999999999977,434.91999999999973,437.41999999999973,2162
2026-05-28T18:00:00+00:00,437.41999999999973,438.70999999999975,435.38999999999976,435.40999999999974,2327
2026-05-28T19:00:00+00:00,435.40999999999974,437.6199999999998,434.26999999999975,435.6199999999998,4164
2026-05-29T13:00:00+00:00,435.6199999999998,457.46999999999974,435.6199999999998,453.77999999999975,2236
2026-05-29T14:00:00+00:00,453.77999999999975,455.08999999999975,443.6199999999998,446.1499999999998,3662.2532320952187
2026-05-29T15:00:00+00:00,446.1499999999998,451.24999999999983,446.1299999999998,447.5199999999998,2724
2026-05-29T16:00:00+00:00,447.5199999999998,450.27999999999986,447.5199999999998,448.24999999999983,2435
2026-05-29T17:00:00+00:00,448.24999999999983,448.91999999999985,443.0899999999998,444.11999999999983,2748
2026-05-29T18:00:00+00:00,444.11999999999983,445.6299999999998,443.8299999999998,444.6999999999998,2338
2026-05-29T19:00:00+00:00,444.6999999999998,457.6999999999998,444.3399999999998,455.96999999999986,4684
2026-06-01T13:00:00+00:00,455.96999999999986,465.09999999999985,451.8299999999998,456.8999999999998,1776
2026-06-01T14:00:00+00:00,456.8999999999998,469.30999999999983,454.99999999999983,464.30999999999983,3954
2026-06-01T15:00:00+00:00,464.30999999999983,468.72999999999985,463.48999999999984,467.7699999999998,2938
2026-06-01T16:00:00+00:00,467.7699999999998,472.4599999999998,467.7699999999998,470.96999999999986,3039
2026-06-01T17:00:00+00:00,470.96999999999986,474.96999999999986,468.6899999999998,472.7699999999998,2770
2026-06-01T18:00:00+00:00,472.7699999999998,473.2099999999998,467.71999999999986,470.99999999999983,3260
2026-06-01T19:00:00+00:00,470.99999999999983,471.5699999999998,465.36999999999983,469.1499999999998,4619
2026-06-02T13:00:00+00:00,469.1499999999998,497.66999999999985,469.1499999999998,489.9399999999998,1821
2026-06-02T14:00:00+00:00,489.9399999999998,491.66999999999985,486.59999999999985,488.84999999999985,3857
2026-06-02T15:00:00+00:00,488.84999999999985,493.1899999999998,484.5199999999998,492.6399999999998,3734
2026-06-02T16:00:00+00:00,492.6399999999998,494.60999999999984,487.98999999999984,488.6499999999998,2734
2026-06-02T17:00:00+00:00,488.6499999999998,488.66999999999985,483.98999999999984,484.41999999999985,2638
2026-06-02T18:00:00+00:00,484.41999999999985,484.65999999999985,479.3799999999998,482.29999999999984,3433
2026-06-02T19:00:00+00:00,482.29999999999984,491.7699999999998,482.2699999999998,490.92999999999984,4994
2026-06-03T13:00:00+00:00,490.92999999999984,503.67999999999984,481.59999999999985,486.98999999999984,2374
2026-06-03T14:00:00+00:00,486.98999999999984,497.4399999999998,485.6299999999998,494.7399999999998,4064.3149384885764
2026-06-03T15:00:00+00:00,494.7399999999998,498.4999999999998,492.81999999999977,494.72999999999973,3306
2026-06-03T16:00:00+00:00,494.72999999999973,495.58999999999975,491.2499999999998,495.58999999999975,3466
2026-06-03T17:00:00+00:00,495.58999999999975,496.14999999999975,491.00999999999976,495.5599999999998,3302
2026-06-03T18:00:00+00:00,495.5599999999998,498.13999999999976,494.37999999999977,496.13999999999976,3342
2026-06-03T19:00:00+00:00,496.13999999999976,498.94999999999976,486.06999999999977,486.07999999999976,6218
2026-06-04T13:00:00+00:00,486.07999999999976,486.07999999999976,412.01999999999975,413.02999999999975,5318
2026-06-04T14:00:00+00:00,413.02999999999975,421.3099999999998,412.70999999999975,417.38999999999976,9746
2026-06-04T15:00:00+00:00,417.38999999999976,423.95999999999975,415.9299999999998,417.06999999999977,8352
2026-06-04T16:00:00+00:00,417.06999999999977,424.40999999999974,416.32999999999976,424.1799999999998,7189
2026-06-04T17:00:00+00:00,424.1799999999998,433.18999999999977,423.50999999999976,432.62999999999977,7524
2026-06-04T18:00:00+00:00,432.62999999999977,435.3099999999998,424.7399999999998,425.06999999999977,7494
2026-06-04T19:00:00+00:00,425.06999999999977,432.4299999999998,423.75999999999976,428.20999999999975,9267
2026-06-05T13:00:00+00:00,428.20999999999975,428.20999999999975,408.97999999999973,410.34999999999974,4106.421746575343
2026-06-05T14:00:00+00:00,410.34999999999974,413.09999999999974,406.1099999999997,407.7299999999997,8610.452256334502
2026-06-05T15:00:00+00:00,407.7299999999997,408.26999999999964,400.7599999999996,401.1399999999996,7567.432587733101
2026-06-05T16:00:00+00:00,401.1399999999996,401.3299999999996,397.6499999999996,400.7599999999996,7323
2026-06-05T17:00:00+00:00,400.7599999999996,403.15999999999957,399.2499999999996,400.2499999999996,5087
2026-06-05T18:00:00+00:00,400.2499999999996,400.4499999999996,392.6499999999996,394.2699999999996,7699
2026-06-05T19:00:00+00:00,394.2699999999996,396.3299999999996,391.3999999999996,392.0199999999996,8729
2026-06-08T13:00:00+00:00,392.0199999999996,408.2299999999996,392.0199999999996,397.9199999999996,2547
2026-06-08T14:00:00+00:00,397.9199999999996,404.9999999999996,396.9499999999996,403.4199999999996,4575
2026-06-08T15:00:00+00:00,403.4199999999996,405.5699999999996,402.1199999999996,402.5099999999996,4239
2026-06-08T16:00:00+00:00,402.5099999999996,403.6799999999996,399.65999999999957,402.0199999999996,4082
2026-06-08T17:00:00+00:00,402.0199999999996,402.0199999999996,398.7499999999996,400.3299999999996,3157
2026-06-08T18:00:00+00:00,400.3299999999996,402.0899999999996,399.9999999999996,401.7199999999996,3736
2026-06-08T19:00:00+00:00,401.7199999999996,402.7199999999996,399.2499999999996,402.6499999999996,5372
2026-06-09T13:00:00+00:00,402.6499999999996,413.5299999999996,402.6499999999996,404.5799999999996,1991
2026-06-09T14:00:00+00:00,404.5799999999996,405.0099999999996,391.6899999999996,394.5899999999996,4465
2026-06-09T15:00:00+00:00,394.5899999999996,395.2999999999996,383.2999999999996,383.5699999999996,4074
2026-06-09T16:00:00+00:00,383.5699999999996,384.6999999999996,376.0599999999996,380.2399999999996,3451
2026-06-09T17:00:00+00:00,380.2399999999996,390.9199999999996,380.1399999999996,389.4999999999996,3340
2026-06-09T18:00:00+00:00,389.4999999999996,397.8399999999996,388.6299999999996,397.3799999999996,3728
2026-06-09T19:00:00+00:00,397.3799999999996,398.5799999999996,392.7499999999996,397.7899999999996,4923
2026-06-10T13:00:00+00:00,397.7899999999996,397.7899999999996,378.1499999999996,378.4499999999996,3270
2026-06-10T14:00:00+00:00,378.4499999999996,384.4599999999996,377.8999999999996,380.1099999999996,5079.8908486338005
2026-06-10T15:00:00+00:00,380.1099999999996,382.1899999999996,376.83999999999963,381.8099999999996,4070
2026-06-10T16:00:00+00:00,381.8099999999996,382.06999999999965,377.8699999999996,378.3499999999996,3004
2026-06-10T17:00:00+00:00,378.3499999999996,384.4099999999996,377.39999999999964,384.25999999999965,3035
2026-06-10T18:00:00+00:00,384.25999999999965,385.1699999999996,378.6899999999996,378.69999999999965,3084
2026-06-10T19:00:00+00:00,378.69999999999965,379.96999999999963,376.70999999999964,377.7499999999996,6186
2026-06-11T13:00:00+00:00,377.7499999999996,386.00999999999965,376.4799999999996,384.9299999999996,2523
2026-06-11T14:00:00+00:00,384.9299999999996,386.4999999999996,378.8099999999996,379.19999999999965,4387
2026-06-11T15:00:00+00:00,379.19999999999965,383.26999999999964,378.08999999999963,382.1199999999996,3857
2026-06-11T16:00:00+00:00,382.1199999999996,385.4099999999996,381.71999999999963,381.71999999999963,3647
2026-06-11T17:00:00+00:00,381.71999999999963,390.45999999999964,380.1599999999996,390.1699999999996,3397
2026-06-11T18:00:00+00:00,390.1699999999996,391.13999999999965,386.62999999999965,390.0499999999996,3090
2026-06-11T19:00:00+00:00,390.0499999999996,393.7899999999996,388.33999999999963,391.2399999999996,6764
2026-06-12T13:00:00+00:00,391.2399999999996,391.2399999999996,383.63999999999965,385.4999999999996,3141
2026-06-12T14:00:00+00:00,385.4999999999996,389.38999999999965,382.57999999999964,386.7999999999996,4726.598233273352
2026-06-12T15:00:00+00:00,386.7999999999996,390.2399999999996,383.2499999999996,383.7499999999996,5707
2026-06-12T16:00:00+00:00,383.7499999999996,387.3199999999996,383.3699999999996,387.1399999999996,6892
2026-06-12T17:00:00+00:00,387.1399999999996,388.71999999999963,385.8399999999996,386.7899999999996,5272
2026-06-12T18:00:00+00:00,386.7899999999996,387.5399999999996,385.21999999999963,386.3199999999996,5077
2026-06-12T19:00:00+00:00,386.3199999999996,388.0499999999996,385.7599999999996,387.6699999999996,6861
2026-06-15T13:00:00+00:00,387.6699999999996,401.3499999999996,387.6699999999996,396.1099999999996,2701
2026-06-15T14:00:00+00:00,396.1099999999996,397.9599999999996,394.3899999999996,394.3999999999996,5420
2026-06-15T15:00:00+00:00,394.3999999999996,399.5499999999996,394.3399999999996,399.2899999999996,4446
2026-06-15T16:00:00+00:00,399.2899999999996,399.7999999999996,397.0399999999996,398.4999999999996,3558
2026-06-15T17:00:00+00:00,398.4999999999996,400.0999999999996,397.8899999999996,399.9899999999996,3164
2026-06-15T18:00:00+00:00,399.9899999999996,400.7899999999996,399.27999999999963,399.5499999999996,3596
2026-06-15T19:00:00+00:00,399.5499999999996,401.0499999999996,398.2399999999996,400.0099999999996,4683
2026-06-16T13:00:00+00:00,400.0099999999996,400.0099999999996,392.1299999999996,392.1399999999996,2045
2026-06-16T14:00:00+00:00,392.1399999999996,392.71999999999963,386.7899999999996,388.2699999999996,5063
2026-06-16T15:00:00+00:00,388.2699999999996,390.3899999999996,384.7499999999996,384.8099999999996,5373
2026-06-16T16:00:00+00:00,384.8099999999996,386.4199999999996,382.6399999999996,385.1699999999996,4519
2026-06-16T17:00:00+00:00,385.1699999999996,386.2899999999996,383.8699999999996,385.2399999999996,3590
2026-06-16T18:00:00+00:00,385.2399999999996,387.2499999999996,385.2399999999996,386.2299999999996,3539
2026-06-16T19:00:00+00:00,386.2299999999996,387.2599999999996,382.2499999999996,382.4399999999996,5901
2026-06-17T13:00:00+00:00,382.4399999999996,399.1299999999996,382.4399999999996,395.9899999999996,8171
2026-06-17T14:00:00+00:00,395.9899999999996,404.4899999999996,395.9599999999996,399.1699999999996,15264.588580246913
2026-06-17T15:00:00+00:00,399.1699999999996,405.52999999999963,398.92999999999967,403.92999999999967,9961
2026-06-17T16:00:00+00:00,403.92999999999967,405.06999999999965,402.12999999999965,402.21999999999963,5594
2026-06-17T17:00:00+00:00,402.21999999999963,403.98999999999967,400.20999999999964,403.83999999999963,5470
2026-06-17T18:00:00+00:00,403.83999999999963,406.24999999999966,398.38999999999965,402.36999999999966,16829
2026-06-17T19:00:00+00:00,402.36999999999966,404.3499999999996,394.94999999999965,398.6699999999996,17671
2026-06-18T13:00:00+00:00,398.6699999999996,418.0399999999996,398.6699999999996,414.4199999999996,10332
2026-06-18T14:00:00+00:00,414.4199999999996,417.00999999999965,411.4199999999996,414.76999999999964,16693.618504055274
2026-06-18T15:00:00+00:00,414.76999999999964,417.04999999999967,411.8499999999997,413.4099999999997,13491
2026-06-18T16:00:00+00:00,413.4099999999997,415.3499999999997,412.68999999999966,413.32999999999964,9831
2026-06-18T17:00:00+00:00,413.32999999999964,414.29999999999967,412.13999999999965,413.7899999999997,7020
2026-06-18T18:00:00+00:00,413.7899999999997,413.98999999999967,412.1599999999997,413.6699999999997,6635
2026-06-18T19:00:00+00:00,413.6699999999997,418.1599999999997,412.9799999999997,416.30999999999966,10598
2026-06-22T13:00:00+00:00,416.30999999999966,419.73999999999967,404.58999999999963,406.17999999999967,2865
2026-06-22T14:00:00+00:00,406.17999999999967,406.5299999999997,398.2899999999997,400.2899999999997,5596
2026-06-22T15:00:00+00:00,400.2899999999997,402.93999999999966,399.75999999999965,402.0399999999997,3891
2026-06-22T16:00:00+00:00,402.0399999999997,403.17999999999967,400.49999999999966,402.7299999999997,2911
2026-06-22T17:00:00+00:00,402.7299999999997,402.7899999999997,400.75999999999965,401.25999999999965,2728
2026-06-22T18:00:00+00:00,401.25999999999965,402.81999999999965,400.14999999999964,400.19999999999965,3009
2026-06-22T19:00:00+00:00,400.19999999999965,401.37999999999965,397.2899999999997,398.1699999999997,4806
2026-06-23T13:00:00+00:00,398.1699999999997,398.1699999999997,382.64999999999964,394.55999999999966,3160
2026-06-23T14:00:00+00:00,394.55999999999966,396.44999999999965,387.13999999999965,387.9199999999997,4599
2026-06-23T15:00:00+00:00,387.9199999999997,388.1699999999997,384.62999999999965,386.0999999999997,4242
2026-06-23T16:00:00+00:00,386.0999999999997,389.2799999999997,385.95999999999964,388.83999999999963,3796
2026-06-23T17:00:00+00:00,388.83999999999963,390.56999999999965,386.58999999999963,387.2299999999997,3333
2026-06-23T18:00:00+00:00,387.2299999999997,388.56999999999965,385.25999999999965,385.69999999999965,3655
2026-06-23T19:00:00+00:00,385.69999999999965,388.24999999999966,384.98999999999967,385.70999999999964,6009
2026-06-24T13:00:00+00:00,385.70999999999964,394.08999999999963,384.54999999999967,387.49999999999966,2758
2026-06-24T14:00:00+00:00,387.49999999999966,390.4799999999997,384.74999999999966,390.3199999999997,4392.916694106026
2026-06-24T15:00:00+00:00,390.3199999999997,391.7499999999997,388.4999999999997,389.6899999999997,4097
2026-06-24T16:00:00+00:00,389.6899999999997,392.22999999999973,388.77999999999975,388.97999999999973,3910
2026-06-24T17:00:00+00:00,388.97999999999973,390.44999999999976,385.1199999999997,385.16999999999973,5237
2026-06-24T18:00:00+00:00,385.16999999999973,387.6199999999997,382.89999999999975,383.66999999999973,5040
2026-06-24T19:00:00+00:00,383.66999999999973,387.82999999999976,382.4299999999997,387.41999999999973,6882
2026-06-25T13:00:00+00:00,387.41999999999973,393.3699999999997,378.14999999999975,378.4999999999997,3224
2026-06-25T14:00:00+00:00,378.4999999999997,390.0699999999997,378.28999999999974,387.8699999999997,5881
2026-06-25T15:00:00+00:00,387.8699999999997,388.9999999999997,383.3799999999997,388.1899999999997,3833
2026-06-25T16:00:00+00:00,388.1899999999997,392.0499999999997,384.27999999999975,385.71999999999974,3898
2026-06-25T17:00:00+00:00,385.71999999999974,387.03999999999974,384.52999999999975,386.0599999999997,3867
2026-06-25T18:00:00+00:00,386.0599999999997,387.82999999999976,383.97999999999973,385.09999999999974,3544
2026-06-25T19:00:00+00:00,385.09999999999974,385.40999999999974,382.0699999999997,384.6299999999997,5360
2026-06-26T13:00:00+00:00,384.6299999999997,384.6299999999997,370.8699999999997,374.0499999999997,3285
2026-06-26T14:00:00+00:00,374.0499999999997,376.5599999999997,370.77999999999975,371.6299999999997,5668.629394899653
2026-06-26T15:00:00+00:00,371.6299999999997,379.0799999999997,370.9499999999997,376.0599999999997,4882
2026-06-26T16:00:00+00:00,376.0599999999997,378.4599999999997,374.9599999999997,376.8599999999997,3485
2026-06-26T17:00:00+00:00,376.8599999999997,378.9599999999997,375.7699999999997,376.0199999999997,3046
2026-06-26T18:00:00+00:00,376.0199999999997,376.5799999999997,372.2499999999997,372.4799999999997,4071
2026-06-26T19:00:00+00:00,372.4799999999997,376.8099999999997,369.29999999999967,369.7899999999997,6173
2026-06-29T13:00:00+00:00,369.7899999999997,380.5999999999997,369.7899999999997,374.8499999999997,3916
2026-06-29T14:00:00+00:00,374.8499999999997,376.2499999999997,365.98999999999967,376.2499999999997,11096
2026-06-29T15:00:00+00:00,376.2499999999997,376.8999999999997,373.8799999999997,376.79999999999967,7792
2026-06-29T16:00:00+00:00,376.79999999999967,377.11999999999966,375.3999999999997,376.3899999999997,5350
2026-06-29T17:00:00+00:00,376.3899999999997,381.61999999999966,376.3899999999997,380.3099999999997,4443
2026-06-29T18:00:00+00:00,380.3099999999997,381.5299999999997,379.5199999999997,379.8399999999997,3564
2026-06-29T19:00:00+00:00,379.8399999999997,379.92999999999967,376.8999999999997,377.86999999999966,5597
2026-06-30T13:00:00+00:00,377.86999999999966,383.4099999999997,376.0199999999997,381.8899999999997,2829
2026-06-30T14:00:00+00:00,381.8899999999997,384.11999999999966,379.4399999999997,380.1299999999997,7043
2026-06-30T15:00:00+00:00,380.1299999999997,382.6399999999997,379.1999999999997,381.7699999999997,5247
2026-06-30T16:00:00+00:00,381.7699999999997,382.5599999999997,379.5299999999997,380.8899999999997,3373
2026-06-30T17:00:00+00:00,380.8899999999997,382.5899999999997,379.7299999999997,381.36999999999966,3166
2026-06-30T18:00:00+00:00,381.36999999999966,384.3399999999997,380.5999999999997,383.7899999999997,3438
2026-06-30T19:00:00+00:00,383.7899999999997,385.0799999999997,382.5799999999997,382.9399999999997,5820
2026-07-01T13:00:00+00:00,382.9399999999997,382.9399999999997,374.0699999999997,377.1899999999997,3118
2026-07-01T14:00:00+00:00,377.1899999999997,379.2299999999997,374.0199999999997,375.9999999999997,4556.607484923732
2026-07-01T15:00:00+00:00,375.9999999999997,378.4499999999997,375.47999999999973,376.3399999999997,4337
2026-07-01T16:00:00+00:00,376.3399999999997,376.7699999999997,373.6999999999997,374.1399999999997,4496
2026-07-01T17:00:00+00:00,374.1399999999997,375.9999999999997,373.71999999999974,375.0499999999997,4490
2026-07-01T18:00:00+00:00,375.0499999999997,376.5699999999997,374.6199999999997,375.7999999999997,4174
2026-07-01T19:00:00+00:00,375.7999999999997,378.1899999999997,374.5599999999997,374.8999999999997,6341
2026-07-02T13:00:00+00:00,374.8999999999997,377.6199999999997,369.7099999999997,376.60999999999973,1977
2026-07-02T14:00:00+00:00,376.60999999999973,379.6199999999997,371.4499999999997,373.82999999999976,7312.799967553537
2026-07-02T15:00:00+00:00,373.82999999999976,374.01999999999975,368.37999999999977,370.0899999999998,8151
2026-07-02T16:00:00+00:00,370.0899999999998,370.2799999999998,364.0599999999998,364.62999999999977,6521
2026-07-02T17:00:00+00:00,364.62999999999977,366.2299999999998,363.4799999999998,364.1699999999998,5706
2026-07-02T18:00:00+00:00,364.1699999999998,367.0399999999998,363.7999999999998,364.9199999999998,5223
2026-07-02T19:00:00+00:00,364.9199999999998,366.88999999999976,362.06999999999977,366.00999999999976,7757
2026-07-06T13:00:00+00:00,366.00999999999976,388.62999999999977,366.00999999999976,386.18999999999977,3462
2026-07-06T14:00:00+00:00,386.18999999999977,386.69999999999976,380.19999999999976,380.9099999999998,6555
2026-07-06T15:00:00+00:00,380.9099999999998,381.7399999999998,378.6099999999998,379.8399999999998,4838
2026-07-06T16:00:00+00:00,379.8399999999998,382.0899999999998,379.4899999999998,381.2499999999998,3518
2026-07-06T17:00:00+00:00,381.2499999999998,382.7099999999998,379.38999999999976,381.2199999999998,3790
2026-07-06T18:00:00+00:00,381.2199999999998,382.8599999999998,380.1699999999998,382.0599999999998,3041
2026-07-06T19:00:00+00:00,382.0599999999998,382.9199999999998,379.0899999999998,379.69999999999976,5736
2026-07-07T13:00:00+00:00,379.69999999999976,379.69999999999976,370.68999999999977,371.69999999999976,4790
2026-07-07T14:00:00+00:00,371.69999999999976,373.4299999999998,367.6799999999998,369.4199999999998,11301
2026-07-07T15:00:00+00:00,369.4199999999998,373.5999999999998,368.4299999999998,373.5499999999998,10922
2026-07-07T16:00:00+00:00,373.5499999999998,377.56999999999977,373.4199999999998,376.4299999999998,9677
2026-07-07T17:00:00+00:00,376.4299999999998,378.5499999999998,376.13999999999976,377.93999999999977,6371
2026-07-07T18:00:00+00:00,377.93999999999977,378.1499999999998,373.4299999999998,373.6599999999998,6576
2026-07-07T19:00:00+00:00,373.6599999999998,376.50999999999976,372.19999999999976,376.26999999999975,12598
2026-07-08T13:00:00+00:00,376.26999999999975,391.9599999999998,376.26999999999975,390.68999999999977,6512
2026-07-08T14:00:00+00:00,390.68999999999977,395.9299999999998,390.00999999999976,394.1199999999997,15078.473498233216
2026-07-08T15:00:00+00:00,394.1199999999997,395.60999999999973,388.7499999999997,391.21999999999974,10206
2026-07-08T16:00:00+00:00,391.21999999999974,400.60999999999973,390.64999999999975,400.4299999999997,10662
2026-07-08T17:00:00+00:00,400.4299999999997,400.53999999999974,394.14999999999975,394.95999999999975,7368
2026-07-08T18:00:00+00:00,394.95999999999975,396.13999999999976,394.19999999999976,395.40999999999974,6755
2026-07-08T19:00:00+00:00,395.40999999999974,398.2499999999997,393.9299999999997,394.10999999999973,9189
2026-07-09T13:00:00+00:00,394.10999999999973,409.2499999999997,394.10999999999973,399.2999999999997,5721
2026-07-09T14:00:00+00:00,399.2999999999997,401.1799999999997,393.56999999999977,399.65999999999974,11485
2026-07-09T15:00:00+00:00,399.65999999999974,407.53999999999974,398.65999999999974,406.00999999999976,8183
2026-07-09T16:00:00+00:00,406.00999999999976,409.06999999999977,405.66999999999973,408.16999999999973,6125
2026-07-09T17:00:00+00:00,408.16999999999973,413.15999999999974,407.81999999999977,411.16999999999973,6813
2026-07-09T18:00:00+00:00,411.16999999999973,412.01999999999975,409.26999999999975,410.20999999999975,6130
2026-07-09T19:00:00+00:00,410.20999999999975,410.34999999999974,405.14999999999975,406.71999999999974,7548
2026-07-10T13:00:00+00:00,406.71999999999974,407.90999999999974,401.20999999999975,404.96999999999974,1289
2026-07-10T14:00:00+00:00,404.96999999999974,407.2999999999997,402.84999999999974,404.28999999999974,3007.9626259343518
2026-07-10T15:00:00+00:00,404.28999999999974,407.38999999999976,403.83999999999975,406.68999999999977,2755
2026-07-10T16:00:00+00:00,406.68999999999977,408.0499999999998,405.90999999999974,406.93999999999977,2828
2026-07-10T17:00:00+00:00,406.93999999999977,407.9299999999998,406.21999999999974,406.40999999999974,2095
2026-07-10T18:00:00+00:00,406.40999999999974,406.6099999999998,404.9899999999998,405.65999999999974,2337
2026-07-10T19:00:00+00:00,405.65999999999974,406.45999999999975,405.0599999999998,405.87999999999977,3517
2026-07-13T13:00:00+00:00,405.87999999999977,405.87999999999977,392.57999999999976,395.7399999999998,3612
2026-07-13T14:00:00+00:00,395.7399999999998,401.43999999999977,395.4299999999998,397.96999999999974,7907
2026-07-13T15:00:00+00:00,397.96999999999974,398.32999999999976,395.02999999999975,395.33999999999975,6934
2026-07-13T16:00:00+00:00,395.33999999999975,395.9999999999998,391.6199999999998,392.6799999999998,7899
2026-07-13T17:00:00+00:00,392.6799999999998,394.58999999999975,391.21999999999974,391.6199999999998,6356
2026-07-13T18:00:00+00:00,391.6199999999998,392.7999999999998,390.9299999999998,391.16999999999973,6666
2026-07-13T19:00:00+00:00,391.16999999999973,393.06999999999977,389.31999999999977,389.64999999999975,9422
2026-07-14T13:00:00+00:00,389.64999999999975,400.75999999999976,389.64999999999975,397.25999999999976,3468
2026-07-14T14:00:00+00:00,397.25999999999976,402.06999999999977,394.18999999999977,400.93999999999977,7163
2026-07-14T15:00:00+00:00,400.93999999999977,402.91999999999973,399.50999999999976,400.22999999999973,7247
2026-07-14T16:00:00+00:00,400.22999999999973,400.2399999999998,397.96999999999974,400.13999999999976,5730
2026-07-14T17:00:00+00:00,400.13999999999976,400.93999999999977,398.03999999999974,399.83999999999975,3841
2026-07-14T18:00:00+00:00,399.83999999999975,400.5499999999998,398.84999999999974,399.7399999999998,3877
2026-07-14T19:00:00+00:00,399.7399999999998,399.75999999999976,394.7499999999998,394.94999999999976,6803
2026-07-15T13:00:00+00:00,394.94999999999976,404.65999999999974,394.94999999999976,403.39999999999975,1122
2026-07-15T14:00:00+00:00,403.39999999999975,404.16999999999973,393.68999999999977,396.82999999999976,3010.0274487685656
2026-07-15T15:00:00+00:00,396.82999999999976,396.82999999999976,392.4899999999997,394.60999999999973,2537
2026-07-15T16:00:00+00:00,394.60999999999973,396.16999999999973,392.28999999999974,395.3099999999997,2869
2026-07-15T17:00:00+00:00,395.3099999999997,400.09999999999974,395.00999999999976,399.50999999999976,2538
2026-07-15T18:00:00+00:00,399.50999999999976,401.38999999999976,397.22999999999973,397.4299999999997,2621
2026-07-15T19:00:00+00:00,397.4299999999997,400.77999999999975,397.2399999999997,399.89999999999975,4197
2026-07-16T13:00:00+00:00,399.89999999999975,399.89999999999975,383.58999999999975,386.6199999999997,1838
2026-07-16T14:00:00+00:00,386.6199999999997,391.62999999999977,386.19999999999976,387.31999999999977,2910
2026-07-16T15:00:00+00:00,387.31999999999977,388.2399999999997,385.08999999999975,387.45999999999975,3059
2026-07-16T16:00:00+00:00,387.45999999999975,387.47999999999973,384.02999999999975,384.10999999999973,3253
2026-07-16T17:00:00+00:00,384.10999999999973,384.26999999999975,381.2399999999997,381.4999999999997,3788
2026-07-16T18:00:00+00:00,381.4999999999997,383.41999999999973,380.14999999999975,381.27999999999975,3436
2026-07-16T19:00:00+00:00,381.27999999999975,382.26999999999975,377.44999999999976,379.65999999999974,6583
2026-07-17T13:00:00+00:00,379.65999999999974,379.65999999999974,363.34999999999974,370.4299999999997,2568
2026-07-17T14:00:00+00:00,370.4299999999997,379.59999999999974,370.2999999999997,374.46999999999974,3055
2026-07-17T15:00:00+00:00,374.46999999999974,378.84999999999974,372.9899999999997,377.85999999999973,2589
2026-07-17T16:00:00+00:00,377.85999999999973,381.85999999999973,376.14999999999975,380.90999999999974,2737
2026-07-17T17:00:00+00:00,380.90999999999974,382.87999999999977,379.39999999999975,379.4399999999997,2422
2026-07-17T18:00:00+00:00,379.4399999999997,380.07999999999976,377.26999999999975,378.90999999999974,2520
2026-07-17T19:00:00+00:00,378.90999999999974,379.14999999999975,375.4399999999997,376.4899999999997,4841
2026-07-20T13:00:00+00:00,376.4899999999997,381.90999999999974,376.0199999999997,376.28999999999974,948
2026-07-20T14:00:00+00:00,376.28999999999974,379.9599999999997,375.2599999999997,377.8699999999997,2011
2026-07-20T15:00:00+00:00,377.8699999999997,381.7499999999997,377.3699999999997,381.3699999999997,2353
2026-07-20T16:00:00+00:00,381.3699999999997,382.9399999999997,380.3799999999997,380.8199999999997,2394
2026-07-20T17:00:00+00:00,380.8199999999997,381.91999999999973,379.78999999999974,381.0699999999997,2271
2026-07-20T18:00:00+00:00,381.0699999999997,381.66999999999973,377.9599999999997,378.22999999999973,1857
2026-07-20T19:00:00+00:00,378.22999999999973,379.03999999999974,376.84999999999974,377.5499999999997,3615
2026-07-21T13:00:00+00:00,377.5499999999997,389.4899999999997,377.5499999999997,380.8099999999997,1551
2026-07-21T14:00:00+00:00,380.8099999999997,384.91999999999973,379.9699999999997,383.28999999999974,2538
2026-07-21T15:00:00+00:00,383.28999999999974,386.10999999999973,381.8699999999997,384.8999999999997,2618
2026-07-21T16:00:00+00:00,384.8999999999997,386.7099999999997,384.5799999999997,385.6499999999997,2037
2026-07-21T17:00:00+00:00,385.6499999999997,386.1999999999997,385.1999999999997,385.4299999999997,1612
2026-07-21T18:00:00+00:00,385.4299999999997,386.15999999999974,384.7399999999997,385.9699999999997,1692
2026-07-21T19:00:00+00:00,385.9699999999997,386.8299999999997,384.3699999999997,385.6399999999997,3647
2026-07-22T13:00:00+00:00,385.6399999999997,386.7699999999997,379.3699999999997,385.1999999999997,790
2026-07-22T14:00:00+00:00,385.1999999999997,389.65999999999974,383.8699999999997,388.60999999999973,2204
2026-07-22T15:00:00+00:00,388.60999999999973,393.0699999999997,388.2499999999997,393.0699999999997,2677
2026-07-22T16:00:00+00:00,393.0699999999997,396.16999999999973,392.1499999999997,395.47999999999973,2507
2026-07-22T17:00:00+00:00,395.47999999999973,397.4499999999997,395.1199999999997,395.4999999999997,2340
2026-07-22T18:00:00+00:00,395.4999999999997,397.2799999999997,394.8699999999997,396.7099999999997,1990
2026-07-22T19:00:00+00:00,396.7099999999997,397.90999999999974,395.78999999999974,396.1399999999997,3930
2026-07-23T13:00:00+00:00,396.1399999999997,396.6799999999997,389.6499999999997,393.6899999999997,828
2026-07-23T14:00:00+00:00,393.6899999999997,395.7999999999997,388.7799999999997,389.6299999999997,2106
2026-07-23T15:00:00+00:00,389.6299999999997,390.0299999999997,386.0799999999997,388.3199999999997,2470
2026-07-23T16:00:00+00:00,388.3199999999997,392.6799999999997,387.7699999999997,390.47999999999973,1929
2026-07-23T17:00:00+00:00,390.47999999999973,391.8899999999997,389.03999999999974,389.60999999999973,1351
2026-07-23T18:00:00+00:00,389.60999999999973,390.1499999999997,388.41999999999973,389.3199999999997,1627
2026-07-23T19:00:00+00:00,389.3199999999997,392.1999999999997,388.2799999999997,391.8899999999997,3976
2026-07-24T13:00:00+00:00,391.8899999999997,391.8899999999997,379.4999999999997,380.4699999999997,1226
2026-07-24T14:00:00+00:00,380.4699999999997,384.4499999999997,379.8699999999997,382.78999999999974,2007
2026-07-24T15:00:00+00:00,382.78999999999974,385.3799999999997,381.0599999999997,385.3699999999997,1533
2026-07-24T16:00:00+00:00,385.3699999999997,386.7499999999997,383.6199999999997,384.4899999999997,1563
2026-07-24T17:00:00+00:00,384.4899999999997,384.7699999999997,382.7999999999997,383.03999999999974,1153
2026-07-24T18:00:00+00:00,383.03999999999974,383.34999999999974,378.4699999999997,379.7799999999997,2689
2026-07-24T19:00:00+00:00,379.7799999999997,381.78999999999974,378.10999999999973,381.60999999999973,4824
2026-07-27T13:00:00+00:00,381.60999999999973,388.6399999999997,380.8699999999997,381.4899999999997,952
2026-07-27T14:00:00+00:00,381.4899999999997,383.2099999999997,372.7699999999997,382.2199999999997,3070
2026-07-27T15:00:00+00:00,382.2199999999997,383.1299999999997,376.1999999999997,379.6299999999997,1769
2026-07-27T16:00:00+00:00,379.6299999999997,383.15999999999974,378.3799999999997,380.2099999999997,1697
2026-07-27T17:00:00+00:00,380.2099999999997,380.2099999999997,377.6199999999997,379.82999999999976,1778.1909482573287
2026-07-27T18:00:00+00:00,379.82999999999976,382.08999999999963,378.68999999999966,382.00999999999965,1566.0747786290303
2026-07-27T19:00:00+00:00,382.00999999999965,384.7299999999997,381.82999999999964,383.31999999999965,3984
2026-07-28T13:00:00+00:00,383.31999999999965,383.31999999999965,371.51999999999964,375.3499999999996,1613
2026-07-28T14:00:00+00:00,375.3499999999996,380.55999999999966,373.2899999999996,378.20999999999964,3670
2026-07-28T15:00:00+00:00,378.20999999999964,385.69999999999965,377.18999999999966,383.4799999999997,3327
2026-07-28T16:00:00+00:00,383.4799999999997,384.71999999999963,379.77999999999963,383.57999999999964,2378
2026-07-28T17:00:00+00:00,383.57999999999964,383.8499999999996,378.99999999999966,379.52999999999963,1766
2026-07-28T18:00:00+00:00,379.52999999999963,381.70999999999964,378.99999999999966,381.58999999999963,2058
2026-07-28T19:00:00+00:00,381.58999999999963,385.8599999999997,380.5399999999996,380.61999999999966,4247
2026-07-29T13:00:00+00:00,380.61999999999966,381.27999999999963,375.86999999999966,377.37999999999965,931
2026-07-29T14:00:00+00:00,377.37999999999965,380.7899999999996,373.43999999999966,376.82999999999964,2229
2026-07-29T15:00:00+00:00,376.82999999999964,378.19999999999965,370.8499999999996,371.95999999999964,3527
2026-07-29T16:00:00+00:00,371.95999999999964,374.98999999999967,369.68999999999966,374.87999999999965,3704
2026-07-29T17:00:00+00:00,374.87999999999965,378.13999999999965,374.52999999999963,377.55999999999966,2728
2026-07-29T18:00:00+00:00,377.55999999999966,384.71999999999963,376.7899999999996,384.50999999999965,3206
2026-07-29T19:00:00+00:00,384.50999999999965,386.21999999999963,370.1699999999997,370.26999999999964,6255
2026-07-30T13:00:00+00:00,370.26999999999964,386.36999999999966,370.26999999999964,386.2299999999997,1673
2026-07-30T14:00:00+00:00,386.2299999999997,388.37999999999965,382.13999999999965,383.43999999999966,3110
2026-07-30T15:00:00+00:00,383.43999999999966,386.1599999999996,382.07999999999964,383.6699999999997,2370
2026-07-30T16:00:00+00:00,383.6699999999997,388.04999999999967,383.21999999999963,384.9099999999996,3071
2026-07-30T17:00:00+00:00,384.9099999999996,386.92999999999967,384.67999999999967,385.56999999999965,2547
2026-07-30T18:00:00+00:00,385.56999999999965,387.3599999999997,385.23999999999967,386.14999999999964,1885
2026-07-30T19:00:00+00:00,386.14999999999964,388.57999999999964,386.01999999999964,388.23999999999967,4941
2026-07-31T13:00:00+00:00,388.23999999999967,399.86999999999966,383.44999999999965,386.7299999999997,1555
2026-07-31T14:00:00+00:00,386.7299999999997,389.2299999999997,379.88999999999965,387.87999999999965,2655
2026-07-31T15:00:00+00:00,387.87999999999965,388.4099999999996,382.61999999999966,385.69999999999965,2233
2026-07-31T16:00:00+00:00,385.69999999999965,388.9099999999996,384.52999999999963,387.9099999999996,2056
2026-07-31T17:00:00+00:00,387.9099999999996,390.71999999999963,387.73999999999967,388.7899999999996,1936
2026-07-31T18:00:00+00:00,388.7899999999996,389.6099999999997,387.32999999999964,388.55999999999966,2038
2026-07-31T19:00:00+00:00,388.55999999999966,391.32999999999964,386.9099999999996,389.1599999999996,3588
2026-08-03T13:00:00+00:00,389.1599999999996,389.1599999999996,374.79999999999967,380.05999999999966,2526
2026-08-03T14:00:00+00:00,380.05999999999966,388.61999999999966,376.68999999999966,387.89999999999964,4353
2026-08-03T15:00:00+00:00,387.89999999999964,389.43999999999966,386.82999999999964,388.50999999999965,3637
2026-08-03T16:00:00+00:00,388.50999999999965,389.86999999999966,387.56999999999965,388.27999999999963,3774
2026-08-03T17:00:00+00:00,388.27999999999963,390.74999999999966,388.19999999999965,390.39999999999964,2868
2026-08-03T18:00:00+00:00,390.39999999999964,392.69999999999965,390.19999999999965,391.39999999999964,3520
2026-08-03T19:00:00+00:00,391.39999999999964,392.71999999999963,390.68999999999966,392.1699999999997,4272
2026-08-04T13:00:00+00:00,392.1699999999997,412.51999999999964,392.1699999999997,409.29999999999967,3001
2026-08-04T14:00:00+00:00,409.29999999999967,413.1099999999997,407.68999999999966,410.0999999999996,5701
2026-08-04T15:00:00+00:00,410.0999999999996,416.6099999999997,409.29999999999967,416.21999999999963,4621
2026-08-04T16:00:00+00:00,416.21999999999963,416.82999999999964,415.2899999999996,416.67999999999967,3730
2026-08-04T17:00:00+00:00,416.67999999999967,422.17999999999967,416.62999999999965,421.51999999999964,4384
2026-08-04T18:00:00+00:00,421.51999999999964,421.94999999999965,419.98999999999967,420.20999999999964,4255
2026-08-04T19:00:00+00:00,420.20999999999964,422.12999999999965,417.8499999999996,418.4199999999997,6906
2026-08-05T13:00:00+00:00,418.4199999999997,426.93999999999966,418.4199999999997,422.32999999999964,1331
2026-08-05T14:00:00+00:00,422.32999999999964,424.27999999999963,418.89999999999964,420.6699999999996,2746.062749003984
2026-08-05T15:00:00+00:00,420.6699999999996,422.81999999999965,418.58999999999963,418.9199999999996,2225
2026-08-05T16:00:00+00:00,418.9199999999996,422.45999999999964,418.4899999999996,421.4899999999996,1951
2026-08-05T17:00:00+00:00,421.4899999999996,421.77999999999963,419.7399999999996,420.9899999999996,1977
2026-08-05T18:00:00+00:00,420.9899999999996,422.0999999999996,420.63999999999965,421.3499999999996,2196
2026-08-05T19:00:00+00:00,421.3499999999996,423.00999999999965,417.46999999999963,418.71999999999963,3670
2026-08-06T13:00:00+00:00,418.71999999999963,420.69999999999965,411.1599999999996,419.6599999999996,733
2026-08-06T14:00:00+00:00,419.6599999999996,427.81999999999965,418.52999999999963,425.37999999999965,2532
2026-08-06T15:00:00+00:00,425.37999999999965,425.58999999999963,422.4199999999996,422.82999999999964,2092
2026-08-06T16:00:00+00:00,422.82999999999964,424.9099999999996,421.0999999999996,424.88999999999965,1808
2026-08-06T17:00:00+00:00,424.88999999999965,425.4199999999996,423.33999999999963,424.58999999999963,2041
2026-08-06T18:00:00+00:00,424.58999999999963,425.13999999999965,422.4399999999996,422.6599999999996,2089
2026-08-06T19:00:00+00:00,422.6599999999996,424.13999999999965,420.33999999999963,420.6799999999996,3918
2026-08-07T13:00:00+00:00,420.6799999999996,431.13999999999965,420.6799999999996,425.19999999999965,866
2026-08-07T14:00:00+00:00,425.19999999999965,428.07999999999964,421.83999999999963,425.27999999999963,1631
2026-08-07T15:00:00+00:00,425.27999999999963,426.5399999999996,424.3499999999996,425.64999999999964,2289
2026-08-07T16:00:00+00:00,425.64999999999964,426.00999999999965,422.20999999999964,424.44999999999965,2189
2026-08-07T17:00:00+00:00,424.44999999999965,425.9999999999996,424.0499999999996,425.0399999999996,2295
2026-08-07T18:00:00+00:00,425.0399999999996,426.1899999999996,424.33999999999963,425.96999999999963,2059
2026-08-07T19:00:00+00:00,425.96999999999963,428.64999999999964,425.5599999999996,427.8499999999996,3974
2026-08-10T13:00:00+00:00,427.8499999999996,432.27999999999963,427.5999999999996,428.9799999999996,1044
2026-08-10T14:00:00+00:00,428.9799999999996,432.9899999999996,426.2399999999996,426.2599999999996,2437
2026-08-10T15:00:00+00:00,426.2599999999996,427.83999999999963,424.8099999999996,427.4799999999996,2507
2026-08-10T16:00:00+00:00,427.4799999999996,427.7299999999996,420.64999999999964,422.02999999999963,2385
2026-08-10T17:00:00+00:00,422.02999999999963,424.4299999999996,421.9099999999996,423.83999999999963,1899
2026-08-10T18:00:00+00:00,423.83999999999963,425.1099999999996,423.4299999999996,424.7599999999996,1742
2026-08-10T19:00:00+00:00,424.7599999999996,425.4299999999996,422.07999999999964,423.27999999999963,4022
2026-08-11T13:00:00+00:00,423.27999999999963,425.52999999999963,418.4099999999996,420.69999999999965,804
2026-08-11T14:00:00+00:00,420.69999999999965,423.2899999999996,419.9299999999996,422.6299999999996,1754
2026-08-11T15:00:00+00:00,422.6299999999996,423.1199999999996,419.2599999999996,419.70999999999964,1734
2026-08-11T16:00:00+00:00,419.70999999999964,420.44999999999965,418.5699999999996,419.1099999999996,1639
2026-08-11T17:00:00+00:00,419.1099999999996,419.3599999999996,417.7499999999996,418.2299999999996,1922
2026-08-11T18:00:00+00:00,418.2299999999996,418.38999999999965,413.6099999999996,414.64999999999964,2458
2026-08-11T19:00:00+00:00,414.64999999999964,416.89999999999964,413.7599999999996,416.21999999999963,3029
2026-08-12T13:00:00+00:00,416.21999999999963,426.4199999999996,416.21999999999963,421.88999999999965,856
2026-08-12T14:00:00+00:00,421.88999999999965,424.83999999999963,420.4399999999996,422.4999999999996,1846.761837312829
2026-08-12T15:00:00+00:00,422.4999999999996,422.4999999999996,418.40999999999957,419.3799999999996,1845
2026-08-12T16:00:00+00:00,419.3799999999996,419.9499999999996,418.5799999999996,419.2499999999996,1686
2026-08-12T17:00:00+00:00,419.2499999999996,419.8699999999996,418.5599999999996,418.65999999999957,2021
2026-08-12T18:00:00+00:00,418.65999999999957,418.6899999999996,416.6999999999996,416.72999999999956,1984
2026-08-12T19:00:00+00:00,416.72999999999956,417.92999999999955,414.5799999999996,415.92999999999955,3401
2026-08-13T13:00:00+00:00,415.92999999999955,424.9499999999996,411.59999999999957,424.4399999999996,1778
2026-08-13T14:00:00+00:00,424.4399999999996,424.5099999999996,420.8099999999996,423.5799999999996,2966
2026-08-13T15:00:00+00:00,423.5799999999996,424.42999999999955,421.0799999999996,421.5899999999996,2916
2026-08-13T16:00:00+00:00,421.5899999999996,422.8999999999996,420.4999999999996,420.6999999999996,2248
2026-08-13T17:00:00+00:00,420.6999999999996,422.6299999999996,420.1899999999996,420.22999999999956,2157
2026-08-13T18:00:00+00:00,420.22999999999956,422.1299999999996,419.3399999999996,420.78999999999957,2366
2026-08-13T19:00:00+00:00,420.78999999999957,421.67999999999955,417.0799999999996,417.90999999999957,3906
2026-08-14T13:00:00+00:00,417.90999999999957,417.90999999999957,397.6499999999996,399.9399999999996,2496
2026-08-14T14:00:00+00:00,399.9399999999996,401.8299999999996,395.1999999999996,396.2799999999995,5201.580185880957
2026-08-14T15:00:00+00:00,396.2799999999995,396.5299999999995,392.94999999999953,394.7199999999995,5166
2026-08-14T16:00:00+00:00,394.7199999999995,395.9899999999995,393.0399999999995,393.0699999999995,3869
2026-08-14T17:00:00+00:00,393.0699999999995,393.5999999999995,389.1699999999995,389.69999999999953,4400
2026-08-14T18:00:00+00:00,389.69999999999953,391.0299999999995,388.6699999999995,389.7499999999995,4134
2026-08-14T19:00:00+00:00,389.7499999999995,394.1899999999995,389.5999999999995,393.13999999999953,5645
2026-08-17T13:00:00+00:00,393.13999999999953,397.94999999999953,392.1699999999995,393.4799999999995,1539
2026-08-17T14:00:00+00:00,393.4799999999995,398.2699999999995,392.6599999999995,397.6799999999995,4535
2026-08-17T15:00:00+00:00,397.6799999999995,399.38999999999953,394.2699999999995,398.6799999999995,3620
2026-08-17T16:00:00+00:00,398.6799999999995,398.7899999999995,396.19999999999953,397.82999999999953,2615
2026-08-17T17:00:00+00:00,397.82999999999953,397.9199999999995,395.2499999999995,395.2499999999995,2607
2026-08-17T18:00:00+00:00,395.2499999999995,395.4399999999995,393.5199999999995,394.0399999999995,2538
2026-08-17T19:00:00+00:00,394.0399999999995,394.07999999999953,391.6199999999995,392.1599999999995,4272
2026-08-18T13:00:00+00:00,392.1599999999995,392.1599999999995,378.4799999999995,379.5999999999995,2722
2026-08-18T14:00:00+00:00,379.5999999999995,380.38999999999953,377.1699999999995,378.4799999999995,6049
2026-08-18T15:00:00+00:00,378.4799999999995,381.8699999999995,377.1699999999995,381.6599999999995,4508
2026-08-18T16:00:00+00:00,381.6599999999995,381.8099999999995,380.4399999999995,381.0999999999995,3593
2026-08-18T17:00:00+00:00,381.0999999999995,381.6699999999995,380.1699999999995,380.1899999999995,2957
2026-08-18T18:00:00+00:00,380.1899999999995,381.2199999999995,378.5599999999995,378.88999999999953,3478
2026-08-18T19:00:00+00:00,378.88999999999953,380.3699999999995,378.3999999999995,380.2899999999995,5293
2026-08-19T13:00:00+00:00,380.2899999999995,380.2899999999995,359.88999999999953,362.2999999999995,3793
2026-08-19T14:00:00+00:00,362.2999999999995,362.4199999999995,357.8099999999995,361.87999999999954,7047.568946627015
2026-08-19T15:00:00+00:00,361.87999999999954,363.4099999999995,360.24999999999955,363.07999999999953,4803
2026-08-19T16:00:00+00:00,363.07999999999953,365.5399999999995,362.7099999999995,363.69999999999953,3951
2026-08-19T17:00:00+00:00,363.69999999999953,365.2299999999995,363.5399999999995,363.8499999999995,3436
2026-08-19T18:00:00+00:00,363.8499999999995,365.82999999999953,362.12999999999954,364.23999999999955,3666
2026-08-19T19:00:00+00:00,364.23999999999955,365.31999999999954,361.32999999999953,362.48999999999955,4826
2026-08-20T13:00:00+00:00,362.48999999999955,367.06999999999954,362.48999999999955,363.35999999999956,1975
2026-08-20T14:00:00+00:00,363.35999999999956,366.82999999999953,362.3499999999995,365.92999999999955,5034
2026-08-20T15:00:00+00:00,365.92999999999955,366.4699999999995,362.9799999999995,363.80999999999955,3764
2026-08-20T16:00:00+00:00,363.80999999999955,364.61999999999955,362.85999999999956,364.06999999999954,2867
2026-08-20T17:00:00+00:00,364.06999999999954,365.50999999999954,362.82999999999953,365.2199999999995,2793
2026-08-20T18:00:00+00:00,365.2199999999995,366.24999999999955,363.37999999999954,363.54999999999956,3265
2026-08-20T19:00:00+00:00,363.54999999999956,365.31999999999954,362.43999999999954,364.2199999999995,4433
2026-08-21T13:00:00+00:00,364.2199999999995,375.12999999999954,364.2199999999995,366.6499999999995,3061
2026-08-21T14:00:00+00:00,366.6499999999995,369.2199999999995,365.3499999999995,367.0899999999995,3975
2026-08-21T15:00:00+00:00,367.0899999999995,369.5999999999995,366.74999999999955,368.18999999999954,3279
2026-08-21T16:00:00+00:00,368.18999999999954,368.36999999999955,365.92999999999955,366.4599999999995,2954
2026-08-21T17:00:00+00:00,366.4599999999995,367.00999999999954,365.1599999999995,366.7899999999995,2773
2026-08-21T18:00:00+00:00,366.7899999999995,367.19999999999953,365.23999999999955,366.9799999999995,2570
2026-08-21T19:00:00+00:00,366.9799999999995,369.0199999999995,366.62999999999954,368.5999999999995,4034
2026-08-24T13:00:00+00:00,368.5999999999995,368.5999999999995,360.67999999999955,363.23999999999955,2171
2026-08-24T14:00:00+00:00,363.23999999999955,363.7699999999995,361.44999999999953,361.5299999999995,3746
2026-08-24T15:00:00+00:00,361.5299999999995,362.55999999999955,361.2299999999995,361.93999999999954,3417
2026-08-24T16:00:00+00:00,361.93999999999954,363.61999999999955,360.62999999999954,360.7699999999995,2953
2026-08-24T17:00:00+00:00,360.7699999999995,362.04999999999956,360.1599999999995,360.1599999999995,2969
2026-08-24T18:00:00+00:00,360.1599999999995,362.13999999999953,359.6599999999995,360.9599999999995,3051
2026-08-24T19:00:00+00:00,360.9599999999995,361.37999999999954,358.75999999999954,358.85999999999956,4697
2026-08-25T13:00:00+00:00,358.85999999999956,362.92999999999955,358.85999999999956,359.2799999999995,1733
2026-08-25T14:00:00+00:00,359.2799999999995,361.17999999999955,356.2199999999995,359.8499999999995,4160
2026-08-25T15:00:00+00:00,359.8499999999995,361.67999999999955,358.9099999999995,360.75999999999954,3593
2026-08-25T16:00:00+00:00,360.75999999999954,361.5199999999995,358.3399999999995,359.12999999999954,2626
2026-08-25T17:00:00+00:00,359.12999999999954,359.19999999999953,356.85999999999956,357.1599999999995,2792
2026-08-25T18:00:00+00:00,357.1599999999995,357.7699999999995,356.0299999999995,356.7199999999995,2955
2026-08-25T19:00:00+00:00,356.7199999999995,357.1899999999995,355.3999999999995,356.5599999999995,4709
2026-08-26T13:00:00+00:00,356.5599999999995,359.38999999999953,353.9099999999995,354.6999999999995,2089
2026-08-26T14:00:00+00:00,354.6999999999995,354.7099999999995,350.7999999999995,352.5199999999995,4497
2026-08-26T15:00:00+00:00,352.5199999999995,353.5299999999995,350.7899999999995,351.3199999999995,3122
2026-08-26T16:00:00+00:00,351.3199999999995,351.7099999999995,350.1499999999995,351.5299999999995,2648
2026-08-26T17:00:00+00:00,351.5299999999995,353.2599999999995,351.4999999999995,352.8999999999995,1871
2026-08-26T18:00:00+00:00,352.8999999999995,354.6499999999995,352.6199999999995,354.28999999999957,2254
2026-08-26T19:00:00+00:00,354.28999999999957,356.36999999999955,353.11999999999955,355.62999999999954,4699
2026-08-27T13:00:00+00:00,355.62999999999954,367.24999999999955,355.62999999999954,364.8999999999995,3124
2026-08-27T14:00:00+00:00,364.8999999999995,369.54999999999956,364.2799999999995,369.0199999999995,4529
2026-08-27T15:00:00+00:00,369.0199999999995,369.7799999999996,367.0799999999996,368.68999999999954,3307
2026-08-27T16:00:00+00:00,368.68999999999954,370.11999999999955,367.53999999999957,369.8799999999996,3006
2026-08-27T17:00:00+00:00,369.8799999999996,370.6299999999996,367.7199999999996,367.85999999999956,2649
2026-08-27T18:00:00+00:00,367.85999999999956,369.1399999999996,367.11999999999955,368.8799999999996,3069
2026-08-27T19:00:00+00:00,368.8799999999996,371.79999999999956,368.7599999999996,371.5299999999996,5015
2026-08-28T13:00:00+00:00,371.5299999999996,376.65999999999957,371.5299999999996,373.5199999999996,1475
2026-08-28T14:00:00+00:00,373.5199999999996,374.30999999999955,370.34999999999957,372.9499999999996,3376
2026-08-28T15:00:00+00:00,372.9499999999996,374.2199999999996,367.34999999999957,367.4499999999996,3431
2026-08-28T16:00:00+00:00,367.4499999999996,368.2599999999996,365.7599999999996,366.6899999999996,2998
2026-08-28T17:00:00+00:00,366.6899999999996,368.7599999999996,365.5799999999996,368.34999999999957,2458
2026-08-28T18:00:00+00:00,368.34999999999957,369.09999999999957,366.90999999999957,367.15999999999957,2687
2026-08-28T19:00:00+00:00,367.15999999999957,369.7599999999996,366.79999999999956,368.8199999999996,4187
2026-08-31T13:00:00+00:00,368.8199999999996,372.55999999999955,366.4999999999996,368.92999999999955,2095
2026-08-31T14:00:00+00:00,368.92999999999955,369.4999999999996,367.5799999999996,368.1499999999996,3869
2026-08-31T15:00:00+00:00,368.1499999999996,369.03999999999957,367.0299999999996,368.4699999999996,3116
2026-08-31T16:00:00+00:00,368.4699999999996,371.2099999999996,367.9599999999996,371.04999999999956,2941
2026-08-31T17:00:00+00:00,371.04999999999956,371.09999999999957,369.2099999999996,370.40999999999957,2036
2026-08-31T18:00:00+00:00,370.40999999999957,372.10999999999956,369.9599999999996,370.0299999999996,2233
2026-08-31T19:00:00+00:00,370.0299999999996,371.2799999999996,369.3299999999996,370.6899999999996,3813
2026-09-01T13:00:00+00:00,370.6899999999996,370.6899999999996,362.2199999999996,363.22999999999956,1999
2026-09-01T14:00:00+00:00,363.22999999999956,368.09999999999957,362.54999999999956,366.8999999999996,3891
2026-09-01T15:00:00+00:00,366.8999999999996,370.59999999999957,366.5299999999996,368.85999999999956,3293
2026-09-01T16:00:00+00:00,368.85999999999956,371.47999999999956,367.80999999999955,371.2199999999996,3198
2026-09-01T17:00:00+00:00,371.2199999999996,371.2499999999996,368.53999999999957,369.0199999999996,2308
2026-09-01T18:00:00+00:00,369.0199999999996,369.3399999999996,367.9599999999996,369.05999999999955,2369
2026-09-01T19:00:00+00:00,369.05999999999955,370.5099999999996,368.80999999999955,369.7699999999996,4041
